headerdatestamp|headeridentifier|headersetSpec|metadata.mods.genre#text|metadata.mods.genre@authority|metadata.mods.identifier#text|metadata.mods.identifier@type|metadata.mods.location.url.0#text|metadata.mods.location.url.0@access|metadata.mods.location.url.0@usage|metadata.mods.location.url.1#text|metadata.mods.location.url.1@access|metadata.mods.name.0.role.roleTerm#text|metadata.mods.name.0.role.roleTerm@type|metadata.mods.name.0namePart|metadata.mods.name.1namePart|metadata.mods.note.0|metadata.mods.note.1|metadata.mods.note.1#text|metadata.mods.note.1@displayLabel|metadata.mods.note.2#text|metadata.mods.note.2@displayLabel|metadata.mods.originInfo.0publisher|metadata.mods.originInfo.1dateOther|metadata.mods.physicalDescriptionnote|metadata.mods.relatedItem.0.titleInfotitle|metadata.mods.relatedItem.0@type|metadata.mods.relatedItem.1.titleInfotitle|metadata.mods.subject.0topic|metadata.mods.subject.1topic|metadata.mods.subject.2topic|metadata.mods.subject.3topic|metadata.mods.subject.4topic|metadata.mods.subjecttopic|metadata.mods.titleInfotitle|metadata.mods@version|metadata.mods@xmlns|metadata.mods@xmlns:xlink|metadata.mods@xmlns:xsi|metadata.mods@xsi:schemaLocation|metadata.modsaccessCondition|metadata.modstypeOfResource
2019-11-19T04:01:55Z|wcc_310|wcc|image|dct|wcc069|local|https://digital.lib.utk.edu/collections/islandora/object/wcc%3A310|object in context|primary display|https://digital.lib.utk.edu/collections/islandora/object/wcc%3A310/datastream/TN/view|preview|creator|text|Cochran, William Cox 1848-1936|Mary Rudd Cochran|Document ID: wcc069|Annotation: M.R.C; 1959-03-24|    |    |This object was added to the Digital Preservation Network in November 2016.|dpn|Great Smoky Mountains Regional Project, The University of Tennessee Libraries, Knoxville Tennessee|1886-08-19|Image/jpeg|MS 552;  William Cox Cochran Great Smoky Mountains Photographic Collection, 1886;  Special Collections Library, The University of Tennessee|original|William Cox Cochran Photographic Collection|Little River|Millers Cove|    |    |    |    |Brewer's Clearing on Little River (Upper end of Miller's Cove)|3.2|http://www.loc.gov/mods/v3|http://www.w3.org/1999/xlink|http://www.w3.org/2001/XMLSchema-instance|http://www.loc.gov/mods/v3 http://www.loc.gov/standards/mods/v3/mods-3-2.xsd|Public domain.|still image
2019-11-19T04:01:55Z|wcc_336|wcc|image|dct|wcc046|local|https://digital.lib.utk.edu/collections/islandora/object/wcc%3A336|object in context|primary display|https://digital.lib.utk.edu/collections/islandora/object/wcc%3A336/datastream/TN/view|preview|creator|text|Cochran, William Cox 1848-1936|Mary Rudd Cochran|Document ID: wcc046|Annotation: M.R.C; 1959-03-24|    |    |This object was added to the Digital Preservation Network in November 2016.|dpn|Great Smoky Mountains Regional Project, The University of Tennessee Libraries, Knoxville Tennessee|1886-08-16|Image/jpeg|MS 552;  William Cox Cochran Great Smoky Mountains Photographic Collection, 1886;  Special Collections Library, The University of Tennessee|original|William Cox Cochran Photographic Collection|Trails|Scott Mountain|    |    |    |    |View from road over Scott Mt. (Great Smoky Mts. in distance lost by over exposure)|3.2|http://www.loc.gov/mods/v3|http://www.w3.org/1999/xlink|http://www.w3.org/2001/XMLSchema-instance|http://www.loc.gov/mods/v3 http://www.loc.gov/standards/mods/v3/mods-3-2.xsd|Public domain.|still image
2019-11-19T04:01:55Z|wcc_321|wcc|image|dct|wcc033|local|https://digital.lib.utk.edu/collections/islandora/object/wcc%3A321|object in context|primary display|https://digital.lib.utk.edu/collections/islandora/object/wcc%3A321/datastream/TN/view|preview|creator|text|Cochran, William Cox 1848-1936|Mary Rudd Cochran|Document ID: wcc033|Annotation: M.R.C; 1959-03-24|    |    |This object was added to the Digital Preservation Network in November 2016.|dpn|Great Smoky Mountains Regional Project, The University of Tennessee Libraries, Knoxville Tennessee|1886-08-14|Image/jpeg|MS 552;  William Cox Cochran Great Smoky Mountains Photographic Collection, 1886;  Special Collections Library, The University of Tennessee|original|William Cox Cochran Photographic Collection|Miller Cove|Little River|Bodies of water|    |    |    |Little River opposite Uncle Sammy Walker's house-Miller's Cove (A.P. Holt wading)|3.2|http://www.loc.gov/mods/v3|http://www.w3.org/1999/xlink|http://www.w3.org/2001/XMLSchema-instance|http://www.loc.gov/mods/v3 http://www.loc.gov/standards/mods/v3/mods-3-2.xsd|Public domain.|still image
2019-11-19T04:01:55Z|wcc_348|wcc|image|dct|wcc097|local|https://digital.lib.utk.edu/collections/islandora/object/wcc%3A348|object in context|primary display|https://digital.lib.utk.edu/collections/islandora/object/wcc%3A348/datastream/TN/view|preview|creator|text|Cochran, William Cox 1848-1936|Mary Rudd Cochran|Document ID: wcc097|Annotation: M.R.C; 1959-03-24|    |    |This object was added to the Digital Preservation Network in November 2016.|dpn|Great Smoky Mountains Regional Project, The University of Tennessee Libraries, Knoxville Tennessee|1886-08-28|Image/jpeg|MS 552;  William Cox Cochran Great Smoky Mountains Photographic Collection, 1886;  Special Collections Library, The University of Tennessee|original|William Cox Cochran Photographic Collection|    |    |    |    |    |Cades Cove|Early morning in Cade's Cove - Cloud on Cade's Cove Mt.|3.2|http://www.loc.gov/mods/v3|http://www.w3.org/1999/xlink|http://www.w3.org/2001/XMLSchema-instance|http://www.loc.gov/mods/v3 http://www.loc.gov/standards/mods/v3/mods-3-2.xsd|Public domain.|still image
2019-11-19T04:01:55Z|wcc_340|wcc|image|dct|wcc089|local|https://digital.lib.utk.edu/collections/islandora/object/wcc%3A340|object in context|primary display|https://digital.lib.utk.edu/collections/islandora/object/wcc%3A340/datastream/TN/view|preview|creator|text|Cochran, William Cox 1848-1936|Mary Rudd Cochran|Document ID: wcc089|Annotation: M.R.C; 1959-03-24|    |    |This object was added to the Digital Preservation Network in November 2016.|dpn|Great Smoky Mountains Regional Project, The University of Tennessee Libraries, Knoxville Tennessee|1886-08-25|Image/jpeg|MS 552;  William Cox Cochran Great Smoky Mountains Photographic Collection, 1886;  Special Collections Library, The University of Tennessee|original|William Cox Cochran Photographic Collection|Miller Cove|Cabins|Farms|    |    |    |Little River Gap from road near Vance Walker's house, Miller's Cove|3.2|http://www.loc.gov/mods/v3|http://www.w3.org/1999/xlink|http://www.w3.org/2001/XMLSchema-instance|http://www.loc.gov/mods/v3 http://www.loc.gov/standards/mods/v3/mods-3-2.xsd|Public domain.|still image
2019-11-19T04:01:55Z|wcc_355|wcc|image|dct|wcc107|local|https://digital.lib.utk.edu/collections/islandora/object/wcc%3A355|object in context|primary display|https://digital.lib.utk.edu/collections/islandora/object/wcc%3A355/datastream/TN/view|preview|creator|text|Cochran, William Cox 1848-1936|Mary Rudd Cochran|Document ID: wcc107|Annotation: M.R.C; 1959-03-24|    |    |This object was added to the Digital Preservation Network in November 2016.|dpn|Great Smoky Mountains Regional Project, The University of Tennessee Libraries, Knoxville Tennessee|1886-08-30|Image/jpeg|MS 552;  William Cox Cochran Great Smoky Mountains Photographic Collection, 1886;  Special Collections Library, The University of Tennessee|original|William Cox Cochran Photographic Collection|Little River|Tuckaleechee Cove|    |    |    |    |Little River Valley from verandah of Mt. Nebo House|3.2|http://www.loc.gov/mods/v3|http://www.w3.org/1999/xlink|http://www.w3.org/2001/XMLSchema-instance|http://www.loc.gov/mods/v3 http://www.loc.gov/standards/mods/v3/mods-3-2.xsd|Public domain.|still image
2019-11-19T04:01:55Z|wcc_307|wcc|image|dct|wcc026|local|https://digital.lib.utk.edu/collections/islandora/object/wcc%3A307|object in context|primary display|https://digital.lib.utk.edu/collections/islandora/object/wcc%3A307/datastream/TN/view|preview|creator|text|Cochran, William Cox 1848-1936|Mary Rudd Cochran|Document ID: wcc026|Annotation: M.R.C; 1959-03-24|    |    |This object was added to the Digital Preservation Network in November 2016.|dpn|Great Smoky Mountains Regional Project, The University of Tennessee Libraries, Knoxville Tennessee|1886-08-14|Image/jpeg|MS 552;  William Cox Cochran Great Smoky Mountains Photographic Collection, 1886;  Special Collections Library, The University of Tennessee|original|William Cox Cochran Photographic Collection|Mount Nebo|Pine Mountain|    |    |    |    |Flank of Mt. Nebo from slope of Pine Mt.|3.2|http://www.loc.gov/mods/v3|http://www.w3.org/1999/xlink|http://www.w3.org/2001/XMLSchema-instance|http://www.loc.gov/mods/v3 http://www.loc.gov/standards/mods/v3/mods-3-2.xsd|Public domain.|still image
2019-11-19T04:01:55Z|wcc_294|wcc|image|dct|wcc060|local|https://digital.lib.utk.edu/collections/islandora/object/wcc%3A294|object in context|primary display|https://digital.lib.utk.edu/collections/islandora/object/wcc%3A294/datastream/TN/view|preview|creator|text|Cochran, William Cox 1848-1936|Mary Rudd Cochran|Document ID: wcc060|Annotation: M.R.C; 1959-03-24|    |    |This object was added to the Digital Preservation Network in November 2016.|dpn|Great Smoky Mountains Regional Project, The University of Tennessee Libraries, Knoxville Tennessee|1886-08-19|Image/jpeg|MS 552;  William Cox Cochran Great Smoky Mountains Photographic Collection, 1886;  Special Collections Library, The University of Tennessee|original|William Cox Cochran Photographic Collection|Scott Mountain|Little Mountain|    |    |    |    |Little, or Fox Mt. from road over Scott Mt.|3.2|http://www.loc.gov/mods/v3|http://www.w3.org/1999/xlink|http://www.w3.org/2001/XMLSchema-instance|http://www.loc.gov/mods/v3 http://www.loc.gov/standards/mods/v3/mods-3-2.xsd|Public domain.|still image
2019-11-19T04:01:55Z|wcc_301|wcc|image|dct|wcc023|local|https://digital.lib.utk.edu/collections/islandora/object/wcc%3A301|object in context|primary display|https://digital.lib.utk.edu/collections/islandora/object/wcc%3A301/datastream/TN/view|preview|creator|text|Cochran, William Cox 1848-1936|Mary Rudd Cochran|Document ID: wcc023|Annotation: M.R.C; 1959-03-24|    |    |This object was added to the Digital Preservation Network in November 2016.|dpn|Great Smoky Mountains Regional Project, The University of Tennessee Libraries, Knoxville Tennessee|1886-08-13|Image/jpeg|MS 552;  William Cox Cochran Great Smoky Mountains Photographic Collection, 1886;  Special Collections Library, The University of Tennessee|original|William Cox Cochran Photographic Collection|    |    |    |    |    |Trails|Woodland trail near Melrose Spring|3.2|http://www.loc.gov/mods/v3|http://www.w3.org/1999/xlink|http://www.w3.org/2001/XMLSchema-instance|http://www.loc.gov/mods/v3 http://www.loc.gov/standards/mods/v3/mods-3-2.xsd|Public domain.|still image
2019-11-19T04:01:55Z|wcc_283|wcc|image|dct|wcc014|local|https://digital.lib.utk.edu/collections/islandora/object/wcc%3A283|object in context|primary display|https://digital.lib.utk.edu/collections/islandora/object/wcc%3A283/datastream/TN/view|preview|creator|text|Cochran, William Cox 1848-1936|Mary Rudd Cochran|Document ID: wcc014|    |This object was added to the Digital Preservation Network in November 2016.|dpn|    |    |Great Smoky Mountains Regional Project, The University of Tennessee Libraries, Knoxville Tennessee|1886-08-13|Image/jpeg|MS 552;  William Cox Cochran Great Smoky Mountains Photographic Collection, 1886;  Special Collections Library, The University of Tennessee|original|William Cox Cochran Photographic Collection|Chilhowee Range|Mount Nebo|Cabins|    |    |    |Bly's cabin Mt. Nebo Blount Co. Tenn.|3.2|http://www.loc.gov/mods/v3|http://www.w3.org/1999/xlink|http://www.w3.org/2001/XMLSchema-instance|http://www.loc.gov/mods/v3 http://www.loc.gov/standards/mods/v3/mods-3-2.xsd|Public domain.|still image
2019-11-19T04:01:55Z|wcc_320|wcc|image|dct|wcc079|local|https://digital.lib.utk.edu/collections/islandora/object/wcc%3A320|object in context|primary display|https://digital.lib.utk.edu/collections/islandora/object/wcc%3A320/datastream/TN/view|preview|creator|text|Cochran, William Cox 1848-1936|Mary Rudd Cochran|Document ID: wcc079|Annotation: M.R.C; 1959-03-24|    |    |This object was added to the Digital Preservation Network in November 2016.|dpn|Great Smoky Mountains Regional Project, The University of Tennessee Libraries, Knoxville Tennessee|1886-08-21|Image/jpeg|MS 552;  William Cox Cochran Great Smoky Mountains Photographic Collection, 1886;  Special Collections Library, The University of Tennessee|original|William Cox Cochran Photographic Collection|Roads|Bodies of water|    |    |    |    |View on Maryville Road in front of W. L. Calter's|3.2|http://www.loc.gov/mods/v3|http://www.w3.org/1999/xlink|http://www.w3.org/2001/XMLSchema-instance|http://www.loc.gov/mods/v3 http://www.loc.gov/standards/mods/v3/mods-3-2.xsd|Public domain.|still image
2019-11-19T04:01:55Z|wcc_304|wcc|image|dct|wcc066|local|https://digital.lib.utk.edu/collections/islandora/object/wcc%3A304|object in context|primary display|https://digital.lib.utk.edu/collections/islandora/object/wcc%3A304/datastream/TN/view|preview|creator|text|Cochran, William Cox 1848-1936|Mary Rudd Cochran|Document ID: wcc066|Annotation: M.R.C; 1959-03-24|    |    |This object was added to the Digital Preservation Network in November 2016.|dpn|Great Smoky Mountains Regional Project, The University of Tennessee Libraries, Knoxville Tennessee|1886-08-19|Image/jpeg|MS 552;  William Cox Cochran Great Smoky Mountains Photographic Collection, 1886;  Special Collections Library, The University of Tennessee|original|William Cox Cochran Photographic Collection|Little River|Tuckaleechee Cove|Transportation|    |    |    |Cliff on Little River below Tuckaleechee Cove|3.2|http://www.loc.gov/mods/v3|http://www.w3.org/1999/xlink|http://www.w3.org/2001/XMLSchema-instance|http://www.loc.gov/mods/v3 http://www.loc.gov/standards/mods/v3/mods-3-2.xsd|Public domain.|still image
2019-11-19T04:01:55Z|wcc_270|wcc|image|dct|wcc039|local|https://digital.lib.utk.edu/collections/islandora/object/wcc%3A270|object in context|primary display|https://digital.lib.utk.edu/collections/islandora/object/wcc%3A270/datastream/TN/view|preview|creator|text|Cochran, William Cox 1848-1936|Mary Rudd Cochran|Document ID: wcc039|Annotation: M.R.C; 1959-03-24|    |    |This object was added to the Digital Preservation Network in November 2016.|dpn|Great Smoky Mountains Regional Project, The University of Tennessee Libraries, Knoxville Tennessee|1886-08-16|Image/jpeg|MS 552;  William Cox Cochran Great Smoky Mountains Photographic Collection, 1886;  Special Collections Library, The University of Tennessee|original|William Cox Cochran Photographic Collection|Chilhowee Range|Pine Mountain|Cabins|    |    |    |Pine Mt. - Chilhowee R. - from Miller's Cove|3.2|http://www.loc.gov/mods/v3|http://www.w3.org/1999/xlink|http://www.w3.org/2001/XMLSchema-instance|http://www.loc.gov/mods/v3 http://www.loc.gov/standards/mods/v3/mods-3-2.xsd|Public domain.|still image
2019-11-19T04:01:55Z|wcc_280|wcc|image|dct|wcc053|local|https://digital.lib.utk.edu/collections/islandora/object/wcc%3A280|object in context|primary display|https://digital.lib.utk.edu/collections/islandora/object/wcc%3A280/datastream/TN/view|preview|creator|text|Cochran, William Cox 1848-1936|Mary Rudd Cochran|Document ID: wcc053|Annotation: M.R.C; 1959-03-24|    |    |This object was added to the Digital Preservation Network in November 2016.|dpn|Great Smoky Mountains Regional Project, The University of Tennessee Libraries, Knoxville Tennessee|1886-08-18|Image/jpeg|MS 552;  William Cox Cochran Great Smoky Mountains Photographic Collection, 1886;  Special Collections Library, The University of Tennessee|original|William Cox Cochran Photographic Collection|Bodies of water|Laurel Creek|Roads|    |    |    |Laurel Creek road near A.J. Dorsey's|3.2|http://www.loc.gov/mods/v3|http://www.w3.org/1999/xlink|http://www.w3.org/2001/XMLSchema-instance|http://www.loc.gov/mods/v3 http://www.loc.gov/standards/mods/v3/mods-3-2.xsd|Public domain.|still image
2019-11-19T04:01:55Z|wcc_316|wcc|image|dct|wcc075|local|https://digital.lib.utk.edu/collections/islandora/object/wcc%3A316|object in context|primary display|https://digital.lib.utk.edu/collections/islandora/object/wcc%3A316/datastream/TN/view|preview|creator|text|Cochran, William Cox 1848-1936|Mary Rudd Cochran|Document ID: wcc075|Annotation: M.R.C; 1959-03-24|    |    |This object was added to the Digital Preservation Network in November 2016.|dpn|Great Smoky Mountains Regional Project, The University of Tennessee Libraries, Knoxville Tennessee|1886-08-20|Image/jpeg|MS 552;  William Cox Cochran Great Smoky Mountains Photographic Collection, 1886;  Special Collections Library, The University of Tennessee|original|William Cox Cochran Photographic Collection|Little River|Tuckaleechee Cove|Sawmills|Dams|Bodies of water|    |Neubern's Mills and Dam Little River below Gap.|3.2|http://www.loc.gov/mods/v3|http://www.w3.org/1999/xlink|http://www.w3.org/2001/XMLSchema-instance|http://www.loc.gov/mods/v3 http://www.loc.gov/standards/mods/v3/mods-3-2.xsd|Public domain.|still image
2019-11-19T04:01:55Z|wcc_338|wcc|image|dct|wcc047|local|https://digital.lib.utk.edu/collections/islandora/object/wcc%3A338|object in context|primary display|https://digital.lib.utk.edu/collections/islandora/object/wcc%3A338/datastream/TN/view|preview|creator|text|Cochran, William Cox 1848-1936|Mary Rudd Cochran|Document ID: wcc047|Annotation: M.R.C; 1959-03-24|    |    |This object was added to the Digital Preservation Network in November 2016.|dpn|Great Smoky Mountains Regional Project, The University of Tennessee Libraries, Knoxville Tennessee|1886-08-17|Image/jpeg|MS 552;  William Cox Cochran Great Smoky Mountains Photographic Collection, 1886;  Special Collections Library, The University of Tennessee|original|William Cox Cochran Photographic Collection|Cabins|Food|    |    |    |    |A.J. Dorsey's cabin. Family at breakfast|3.2|http://www.loc.gov/mods/v3|http://www.w3.org/1999/xlink|http://www.w3.org/2001/XMLSchema-instance|http://www.loc.gov/mods/v3 http://www.loc.gov/standards/mods/v3/mods-3-2.xsd|Public domain.|still image
2019-11-19T04:01:55Z|wcc_328|wcc|image|dct|wcc083|local|https://digital.lib.utk.edu/collections/islandora/object/wcc%3A328|object in context|primary display|https://digital.lib.utk.edu/collections/islandora/object/wcc%3A328/datastream/TN/view|preview|creator|text|Cochran, William Cox 1848-1936|Mary Rudd Cochran|Document ID: wcc083|Annotation: M.R.C; 1959-03-24|    |    |This object was added to the Digital Preservation Network in November 2016.|dpn|Great Smoky Mountains Regional Project, The University of Tennessee Libraries, Knoxville Tennessee|1886-08-22|Image/jpeg|MS 552;  William Cox Cochran Great Smoky Mountains Photographic Collection, 1886;  Special Collections Library, The University of Tennessee|original|William Cox Cochran Photographic Collection|    |    |    |    |    |Chilhowee Range|Chilhowee Range (looking North) from Tower Rocks|3.2|http://www.loc.gov/mods/v3|http://www.w3.org/1999/xlink|http://www.w3.org/2001/XMLSchema-instance|http://www.loc.gov/mods/v3 http://www.loc.gov/standards/mods/v3/mods-3-2.xsd|Public domain.|still image
2019-11-19T04:01:55Z|wcc_342|wcc|image|dct|wcc091|local|https://digital.lib.utk.edu/collections/islandora/object/wcc%3A342|object in context|primary display|https://digital.lib.utk.edu/collections/islandora/object/wcc%3A342/datastream/TN/view|preview|creator|text|Cochran, William Cox 1848-1936|Mary Rudd Cochran|Document ID: wcc091|Annotation: M.R.C; 1959-03-24|    |    |This object was added to the Digital Preservation Network in November 2016.|dpn|Great Smoky Mountains Regional Project, The University of Tennessee Libraries, Knoxville Tennessee|1886-08-25|Image/jpeg|MS 552;  William Cox Cochran Great Smoky Mountains Photographic Collection, 1886;  Special Collections Library, The University of Tennessee|original|William Cox Cochran Photographic Collection|Tuckaleechee Cove|Cades Cove|Tipton Sugar Cove|    |    |    |Mountain clearing in pocket on road from Tuckaleechee to Cade's Cove|3.2|http://www.loc.gov/mods/v3|http://www.w3.org/1999/xlink|http://www.w3.org/2001/XMLSchema-instance|http://www.loc.gov/mods/v3 http://www.loc.gov/standards/mods/v3/mods-3-2.xsd|Public domain.|still image
2019-11-19T04:01:55Z|wcc_332|wcc|image|dct|wcc044|local|https://digital.lib.utk.edu/collections/islandora/object/wcc%3A332|object in context|primary display|https://digital.lib.utk.edu/collections/islandora/object/wcc%3A332/datastream/TN/view|preview|creator|text|Cochran, William Cox 1848-1936|Mary Rudd Cochran|Document ID: wcc044|Annotation: M.R.C; 1959-03-24|    |    |This object was added to the Digital Preservation Network in November 2016.|dpn|Great Smoky Mountains Regional Project, The University of Tennessee Libraries, Knoxville Tennessee|1886-08-16|Image/jpeg|MS 552;  William Cox Cochran Great Smoky Mountains Photographic Collection, 1886;  Special Collections Library, The University of Tennessee|original|William Cox Cochran Photographic Collection|Little River|Bodies of water|Tuckaleechee Cove|    |    |    |Up Little River from below Tuckaleechee Cove|3.2|http://www.loc.gov/mods/v3|http://www.w3.org/1999/xlink|http://www.w3.org/2001/XMLSchema-instance|http://www.loc.gov/mods/v3 http://www.loc.gov/standards/mods/v3/mods-3-2.xsd|Public domain.|still image
2019-11-19T04:01:55Z|wcc_284|wcc|image|dct|wcc055|local|https://digital.lib.utk.edu/collections/islandora/object/wcc%3A284|object in context|primary display|https://digital.lib.utk.edu/collections/islandora/object/wcc%3A284/datastream/TN/view|preview|creator|text|Cochran, William Cox 1848-1936|Mary Rudd Cochran|Document ID: wcc055|Annotation: M.R.C; 1959-03-24|    |    |This object was added to the Digital Preservation Network in November 2016.|dpn|Great Smoky Mountains Regional Project, The University of Tennessee Libraries, Knoxville Tennessee|1886-08-18|Image/jpeg|MS 552;  William Cox Cochran Great Smoky Mountains Photographic Collection, 1886;  Special Collections Library, The University of Tennessee|original|William Cox Cochran Photographic Collection|Trails|Bodies of water|    |    |    |    |Bridle path to Robt. Spence's (Island)|3.2|http://www.loc.gov/mods/v3|http://www.w3.org/1999/xlink|http://www.w3.org/2001/XMLSchema-instance|http://www.loc.gov/mods/v3 http://www.loc.gov/standards/mods/v3/mods-3-2.xsd|Public domain.|still image
2019-11-19T04:01:55Z|wcc_297|wcc|image|dct|wcc021|local|https://digital.lib.utk.edu/collections/islandora/object/wcc%3A297|object in context|primary display|https://digital.lib.utk.edu/collections/islandora/object/wcc%3A297/datastream/TN/view|preview|creator|text|Cochran, William Cox 1848-1936|Mary Rudd Cochran|Document ID: wcc021|Annotation: M.R.C; 1959-03-24|    |    |This object was added to the Digital Preservation Network in November 2016.|dpn|Great Smoky Mountains Regional Project, The University of Tennessee Libraries, Knoxville Tennessee|1886-08-13|Image/jpeg|MS 552;  William Cox Cochran Great Smoky Mountains Photographic Collection, 1886;  Special Collections Library, The University of Tennessee|original|William Cox Cochran Photographic Collection|Hotels|Blount County|    |    |    |    |Guests at Melrose Spring Hotel. Blount Co. Tenn. -taken by request|3.2|http://www.loc.gov/mods/v3|http://www.w3.org/1999/xlink|http://www.w3.org/2001/XMLSchema-instance|http://www.loc.gov/mods/v3 http://www.loc.gov/standards/mods/v3/mods-3-2.xsd|Public domain.|still image
2019-11-19T04:01:55Z|wcc_353|wcc|image|dct|wcc105|local|https://digital.lib.utk.edu/collections/islandora/object/wcc%3A353|object in context|primary display|https://digital.lib.utk.edu/collections/islandora/object/wcc%3A353/datastream/TN/view|preview|creator|text|Cochran, William Cox 1848-1936|Mary Rudd Cochran|Document ID: wcc105|Annotation: M.R.C; 1959-03-24|    |    |This object was added to the Digital Preservation Network in November 2016.|dpn|Great Smoky Mountains Regional Project, The University of Tennessee Libraries, Knoxville Tennessee|1886-08-30|Image/jpeg|MS 552;  William Cox Cochran Great Smoky Mountains Photographic Collection, 1886;  Special Collections Library, The University of Tennessee|original|William Cox Cochran Photographic Collection|    |    |    |    |    |Chilhowee Range, Mount Nebo|Sea of cloud, 6 A.M. from Sunset Hill, Mt. Nebo|3.2|http://www.loc.gov/mods/v3|http://www.w3.org/1999/xlink|http://www.w3.org/2001/XMLSchema-instance|http://www.loc.gov/mods/v3 http://www.loc.gov/standards/mods/v3/mods-3-2.xsd|Public domain.|still image
2019-11-19T04:01:55Z|wcc_287|wcc|image|dct|wcc016|local|https://digital.lib.utk.edu/collections/islandora/object/wcc%3A287|object in context|primary display|https://digital.lib.utk.edu/collections/islandora/object/wcc%3A287/datastream/TN/view|preview|creator|text|Cochran, William Cox 1848-1936|Mary Rudd Cochran|Document ID: wcc016|    |This object was added to the Digital Preservation Network in November 2016.|dpn|    |    |Great Smoky Mountains Regional Project, The University of Tennessee Libraries, Knoxville Tennessee|1886-08-13|Image/jpeg|MS 552;  William Cox Cochran Great Smoky Mountains Photographic Collection, 1886;  Special Collections Library, The University of Tennessee|original|William Cox Cochran Photographic Collection|Chilhowee Range|Mount Nebo|Handicrafts|    |    |    |Auntie Bly - spinning|3.2|http://www.loc.gov/mods/v3|http://www.w3.org/1999/xlink|http://www.w3.org/2001/XMLSchema-instance|http://www.loc.gov/mods/v3 http://www.loc.gov/standards/mods/v3/mods-3-2.xsd|Public domain.|still image
2019-11-19T04:01:55Z|wcc_289|wcc|image|dct|wcc017|local|https://digital.lib.utk.edu/collections/islandora/object/wcc%3A289|object in context|primary display|https://digital.lib.utk.edu/collections/islandora/object/wcc%3A289/datastream/TN/view|preview|creator|text|Cochran, William Cox 1848-1936|Mary Rudd Cochran|Document ID: wcc017|Annotation: M.R.C; 1959-03-24|    |    |This object was added to the Digital Preservation Network in November 2016.|dpn|Great Smoky Mountains Regional Project, The University of Tennessee Libraries, Knoxville Tennessee|1886-08-13|Image/jpeg|MS 552;  William Cox Cochran Great Smoky Mountains Photographic Collection, 1886;  Special Collections Library, The University of Tennessee|original|William Cox Cochran Photographic Collection|Chilhowee Range|Mount Nebo|    |    |    |    |Miss Lizzie Nourse posing as one of the natives Mt. Nebo|3.2|http://www.loc.gov/mods/v3|http://www.w3.org/1999/xlink|http://www.w3.org/2001/XMLSchema-instance|http://www.loc.gov/mods/v3 http://www.loc.gov/standards/mods/v3/mods-3-2.xsd|Public domain.|still image
2019-11-19T04:01:55Z|wcc_339|wcc|image|dct|wcc088|local|https://digital.lib.utk.edu/collections/islandora/object/wcc%3A339|object in context|primary display|https://digital.lib.utk.edu/collections/islandora/object/wcc%3A339/datastream/TN/view|preview|creator|text|Cochran, William Cox 1848-1936|Mary Rudd Cochran|Document ID: wcc088|Annotation: M.R.C; 1959-03-24|    |    |This object was added to the Digital Preservation Network in November 2016.|dpn|Great Smoky Mountains Regional Project, The University of Tennessee Libraries, Knoxville Tennessee|1886-08-25|Image/jpeg|MS 552;  William Cox Cochran Great Smoky Mountains Photographic Collection, 1886;  Special Collections Library, The University of Tennessee|original|William Cox Cochran Photographic Collection|Miller Cove|Cabins|    |    |    |    |Alvin Walker's house on Flat Branch. Little River Miller's Cove|3.2|http://www.loc.gov/mods/v3|http://www.w3.org/1999/xlink|http://www.w3.org/2001/XMLSchema-instance|http://www.loc.gov/mods/v3 http://www.loc.gov/standards/mods/v3/mods-3-2.xsd|Public domain.|still image
2019-11-19T04:01:55Z|wcc_269|wcc|image|dct|wcc006|local|https://digital.lib.utk.edu/collections/islandora/object/wcc%3A269|object in context|primary display|https://digital.lib.utk.edu/collections/islandora/object/wcc%3A269/datastream/TN/view|preview|creator|text|Cochran, William Cox 1848-1936|Mary Rudd Cochran|Document ID: wcc006|    |This object was added to the Digital Preservation Network in November 2016.|dpn|    |    |Great Smoky Mountains Regional Project, The University of Tennessee Libraries, Knoxville Tennessee|1886-08-11|Image/jpeg|AR 18;  William Cox Cochran Great Smoky Mountains Photographic Collection, 1886;  Special Collections Library, The University of Tennessee|original|William Cox Cochran Photographic Collection|Knoxville|Structures|University of Tennessee|    |    |    |Knoxville E. Tenn. University taken August 11/86|3.2|http://www.loc.gov/mods/v3|http://www.w3.org/1999/xlink|http://www.w3.org/2001/XMLSchema-instance|http://www.loc.gov/mods/v3 http://www.loc.gov/standards/mods/v3/mods-3-2.xsd|Public domain.|still image
2019-11-19T04:01:55Z|wcc_346|wcc|image|dct|wcc095|local|https://digital.lib.utk.edu/collections/islandora/object/wcc%3A346|object in context|primary display|https://digital.lib.utk.edu/collections/islandora/object/wcc%3A346/datastream/TN/view|preview|creator|text|Cochran, William Cox 1848-1936|Mary Rudd Cochran|Document ID: wcc095|Annotation: M.R.C; 1959-03-24|    |    |This object was added to the Digital Preservation Network in November 2016.|dpn|Great Smoky Mountains Regional Project, The University of Tennessee Libraries, Knoxville Tennessee|1886-08-27|Image/jpeg|MS 552;  William Cox Cochran Great Smoky Mountains Photographic Collection, 1886;  Special Collections Library, The University of Tennessee|original|William Cox Cochran Photographic Collection|Blockhouse Mountain|Gregory Bald|Thunderhead Mountain|    |    |    |Thunderhead and Blockhouse from summit of Big Bald|3.2|http://www.loc.gov/mods/v3|http://www.w3.org/1999/xlink|http://www.w3.org/2001/XMLSchema-instance|http://www.loc.gov/mods/v3 http://www.loc.gov/standards/mods/v3/mods-3-2.xsd|Public domain.|still image
2019-11-19T04:01:55Z|wcc_303|wcc|image|dct|wcc024|local|https://digital.lib.utk.edu/collections/islandora/object/wcc%3A303|object in context|primary display|https://digital.lib.utk.edu/collections/islandora/object/wcc%3A303/datastream/TN/view|preview|creator|text|Cochran, William Cox 1848-1936|Mary Rudd Cochran|Document ID: wcc024|Annotation: M.R.C; 1959-03-24|    |    |This object was added to the Digital Preservation Network in November 2016.|dpn|Great Smoky Mountains Regional Project, The University of Tennessee Libraries, Knoxville Tennessee|1886-08-13|Image/jpeg|MS 552;  William Cox Cochran Great Smoky Mountains Photographic Collection, 1886;  Special Collections Library, The University of Tennessee|original|William Cox Cochran Photographic Collection|Chilhowee Range|Mount Nebo|Blount County|    |    |    |Spring and rocks at Mt. Nebo. Blount Co. Tenn.|3.2|http://www.loc.gov/mods/v3|http://www.w3.org/1999/xlink|http://www.w3.org/2001/XMLSchema-instance|http://www.loc.gov/mods/v3 http://www.loc.gov/standards/mods/v3/mods-3-2.xsd|Public domain.|still image
2019-11-19T04:01:55Z|wcc_345|wcc|image|dct|wcc094|local|https://digital.lib.utk.edu/collections/islandora/object/wcc%3A345|object in context|primary display|https://digital.lib.utk.edu/collections/islandora/object/wcc%3A345/datastream/TN/view|preview|creator|text|Cochran, William Cox 1848-1936|Mary Rudd Cochran|Document ID: wcc094|Annotation: M.R.C; 1959-03-24|    |    |This object was added to the Digital Preservation Network in November 2016.|dpn|Great Smoky Mountains Regional Project, The University of Tennessee Libraries, Knoxville Tennessee|1886-08-27|Image/jpeg|MS 552;  William Cox Cochran Great Smoky Mountains Photographic Collection, 1886;  Special Collections Library, The University of Tennessee|original|William Cox Cochran Photographic Collection|Gregory Bald|Twentymile Ridge|Rye Patch|    |    |    |"Rye field and ""Twenty Mile Range"" from summit of Big Bald"|3.2|http://www.loc.gov/mods/v3|http://www.w3.org/1999/xlink|http://www.w3.org/2001/XMLSchema-instance|http://www.loc.gov/mods/v3 http://www.loc.gov/standards/mods/v3/mods-3-2.xsd|Public domain.|still image
2019-11-19T04:01:55Z|wcc_279|wcc|image|dct|wcc012|local|https://digital.lib.utk.edu/collections/islandora/object/wcc%3A279|object in context|primary display|https://digital.lib.utk.edu/collections/islandora/object/wcc%3A279/datastream/TN/view|preview|creator|text|Cochran, William Cox 1848-1936|Mary Rudd Cochran|Document ID: wcc012|    |This object was added to the Digital Preservation Network in November 2016.|dpn|    |    |Great Smoky Mountains Regional Project, The University of Tennessee Libraries, Knoxville Tennessee|1886-08-12|Image/jpeg|MS 552;  William Cox Cochran Great Smoky Mountains Photographic Collection, 1886;  Special Collections Library, The University of Tennessee|original|William Cox Cochran Photographic Collection|Chilhowee Range|Mount Nebo|    |    |    |    |Gorge below Spring house Mt. Nebo|3.2|http://www.loc.gov/mods/v3|http://www.w3.org/1999/xlink|http://www.w3.org/2001/XMLSchema-instance|http://www.loc.gov/mods/v3 http://www.loc.gov/standards/mods/v3/mods-3-2.xsd|Public domain.|still image
2019-11-19T04:01:55Z|wcc_317|wcc|image|dct|wcc031|local|https://digital.lib.utk.edu/collections/islandora/object/wcc%3A317|object in context|primary display|https://digital.lib.utk.edu/collections/islandora/object/wcc%3A317/datastream/TN/view|preview|creator|text|Cochran, William Cox 1848-1936|Mary Rudd Cochran|Document ID: wcc031|Annotation: M.R.C; 1959-03-24|    |    |This object was added to the Digital Preservation Network in November 2016.|dpn|Great Smoky Mountains Regional Project, The University of Tennessee Libraries, Knoxville Tennessee|1886-08-14|Image/jpeg|MS 552;  William Cox Cochran Great Smoky Mountains Photographic Collection, 1886;  Special Collections Library, The University of Tennessee|original|William Cox Cochran Photographic Collection|Miller Cove|Little River|Bodies of water|    |    |    |Down Little River from point in front of Sammie Walker's-Miller's Cove|3.2|http://www.loc.gov/mods/v3|http://www.w3.org/1999/xlink|http://www.w3.org/2001/XMLSchema-instance|http://www.loc.gov/mods/v3 http://www.loc.gov/standards/mods/v3/mods-3-2.xsd|Public domain.|still image
2019-11-19T04:01:55Z|wcc_350|wcc|image|dct|wcc101|local|https://digital.lib.utk.edu/collections/islandora/object/wcc%3A350|object in context|primary display|https://digital.lib.utk.edu/collections/islandora/object/wcc%3A350/datastream/TN/view|preview|creator|text|Cochran, William Cox 1848-1936|Mary Rudd Cochran|Document ID: wcc101|Annotation: M.R.C; 1959-03-24|    |    |This object was added to the Digital Preservation Network in November 2016.|dpn|Great Smoky Mountains Regional Project, The University of Tennessee Libraries, Knoxville Tennessee|1886-08-28|Image/jpeg|MS 552;  William Cox Cochran Great Smoky Mountains Photographic Collection, 1886;  Special Collections Library, The University of Tennessee|original|William Cox Cochran Photographic Collection|Pines|Cades Cove|    |    |    |    |Crossed pines on road from Cade's Cove to Tuckaleechee|3.2|http://www.loc.gov/mods/v3|http://www.w3.org/1999/xlink|http://www.w3.org/2001/XMLSchema-instance|http://www.loc.gov/mods/v3 http://www.loc.gov/standards/mods/v3/mods-3-2.xsd|Public domain.|still image
2019-11-19T04:01:55Z|wcc_331|wcc|image|dct|wcc084|local|https://digital.lib.utk.edu/collections/islandora/object/wcc%3A331|object in context|primary display|https://digital.lib.utk.edu/collections/islandora/object/wcc%3A331/datastream/TN/view|preview|creator|text|Cochran, William Cox 1848-1936|Mary Rudd Cochran|Document ID: wcc084|Annotation: M.R.C; 1959-03-24|    |    |This object was added to the Digital Preservation Network in November 2016.|dpn|Great Smoky Mountains Regional Project, The University of Tennessee Libraries, Knoxville Tennessee|1886-08-22|Image/jpeg|MS 552;  William Cox Cochran Great Smoky Mountains Photographic Collection, 1886;  Special Collections Library, The University of Tennessee|original|William Cox Cochran Photographic Collection|Chilhowee Range|Walker, John|    |    |    |    |"""Tower Rocks"" (from above) John Walker on right"|3.2|http://www.loc.gov/mods/v3|http://www.w3.org/1999/xlink|http://www.w3.org/2001/XMLSchema-instance|http://www.loc.gov/mods/v3 http://www.loc.gov/standards/mods/v3/mods-3-2.xsd|Public domain.|still image
2019-11-19T04:01:55Z|wcc_295|wcc|image|dct|wcc020|local|https://digital.lib.utk.edu/collections/islandora/object/wcc%3A295|object in context|primary display|https://digital.lib.utk.edu/collections/islandora/object/wcc%3A295/datastream/TN/view|preview|creator|text|Cochran, William Cox 1848-1936|Mary Rudd Cochran|Document ID: wcc020|Annotation: M.R.C; 1959-03-24|    |    |This object was added to the Digital Preservation Network in November 2016.|dpn|Great Smoky Mountains Regional Project, The University of Tennessee Libraries, Knoxville Tennessee|1886-08-13|Image/jpeg|MS 552;  William Cox Cochran Great Smoky Mountains Photographic Collection, 1886;  Special Collections Library, The University of Tennessee|original|William Cox Cochran Photographic Collection|Trails|Hotels|Blount County|    |    |    |Path from Melrose Spring - to Hotel. Blount Co. Tenn|3.2|http://www.loc.gov/mods/v3|http://www.w3.org/1999/xlink|http://www.w3.org/2001/XMLSchema-instance|http://www.loc.gov/mods/v3 http://www.loc.gov/standards/mods/v3/mods-3-2.xsd|Public domain.|still image
2019-11-19T04:01:55Z|wcc_330|wcc|image|dct|wcc043|local|https://digital.lib.utk.edu/collections/islandora/object/wcc%3A330|object in context|primary display|https://digital.lib.utk.edu/collections/islandora/object/wcc%3A330/datastream/TN/view|preview|creator|text|Cochran, William Cox 1848-1936|Mary Rudd Cochran|Document ID: wcc043|Annotation: M.R.C; 1959-03-24|    |    |This object was added to the Digital Preservation Network in November 2016.|dpn|Great Smoky Mountains Regional Project, The University of Tennessee Libraries, Knoxville Tennessee|1886-08-16|Image/jpeg|MS 552;  William Cox Cochran Great Smoky Mountains Photographic Collection, 1886;  Special Collections Library, The University of Tennessee|original|William Cox Cochran Photographic Collection|Little River|Bodies of water|Tuckaleechee Cove|    |    |    |Down Little River below Tuckaleechee Cove|3.2|http://www.loc.gov/mods/v3|http://www.w3.org/1999/xlink|http://www.w3.org/2001/XMLSchema-instance|http://www.loc.gov/mods/v3 http://www.loc.gov/standards/mods/v3/mods-3-2.xsd|Public domain.|still image
2019-11-19T04:01:55Z|wcc_308|wcc|image|dct|wcc068|local|https://digital.lib.utk.edu/collections/islandora/object/wcc%3A308|object in context|primary display|https://digital.lib.utk.edu/collections/islandora/object/wcc%3A308/datastream/TN/view|preview|creator|text|Cochran, William Cox 1848-1936|Mary Rudd Cochran|Document ID: wcc068|Annotation: M.R.C; 1959-03-24|    |    |This object was added to the Digital Preservation Network in November 2016.|dpn|Great Smoky Mountains Regional Project, The University of Tennessee Libraries, Knoxville Tennessee|1886-08-19|Image/jpeg|MS 552;  William Cox Cochran Great Smoky Mountains Photographic Collection, 1886;  Special Collections Library, The University of Tennessee|original|William Cox Cochran Photographic Collection|Tuckaleechee Cove|Millers Cove|Bodies of water|    |    |    |View from high road in pass bet. Miller's Cove and Tuckaleechee|3.2|http://www.loc.gov/mods/v3|http://www.w3.org/1999/xlink|http://www.w3.org/2001/XMLSchema-instance|http://www.loc.gov/mods/v3 http://www.loc.gov/standards/mods/v3/mods-3-2.xsd|Public domain.|still image
2019-11-19T04:01:55Z|wcc_290|wcc|image|dct|wcc058|local|https://digital.lib.utk.edu/collections/islandora/object/wcc%3A290|object in context|primary display|https://digital.lib.utk.edu/collections/islandora/object/wcc%3A290/datastream/TN/view|preview|creator|text|Cochran, William Cox 1848-1936|Mary Rudd Cochran|Document ID: wcc058|Annotation: M.R.C; 1959-03-24|    |    |This object was added to the Digital Preservation Network in November 2016.|dpn|Great Smoky Mountains Regional Project, The University of Tennessee Libraries, Knoxville Tennessee|1886-08-19|Image/jpeg|MS 552;  William Cox Cochran Great Smoky Mountains Photographic Collection, 1886;  Special Collections Library, The University of Tennessee|original|William Cox Cochran Photographic Collection|Blount County|Scott Mountain|Pine-Oak Forests|    |    |    |Pine forest on slope of Scott Mt. Blount Co. Tenn.|3.2|http://www.loc.gov/mods/v3|http://www.w3.org/1999/xlink|http://www.w3.org/2001/XMLSchema-instance|http://www.loc.gov/mods/v3 http://www.loc.gov/standards/mods/v3/mods-3-2.xsd|Public domain.|still image
2019-11-19T04:01:55Z|wcc_326|wcc|image|dct|wcc082|local|https://digital.lib.utk.edu/collections/islandora/object/wcc%3A326|object in context|primary display|https://digital.lib.utk.edu/collections/islandora/object/wcc%3A326/datastream/TN/view|preview|creator|text|Cochran, William Cox 1848-1936|Mary Rudd Cochran|Document ID: wcc082|Annotation: M.R.C; 1959-03-24|    |    |This object was added to the Digital Preservation Network in November 2016.|dpn|Great Smoky Mountains Regional Project, The University of Tennessee Libraries, Knoxville Tennessee|1886-08-22|Image/jpeg|MS 552;  William Cox Cochran Great Smoky Mountains Photographic Collection, 1886;  Special Collections Library, The University of Tennessee|original|William Cox Cochran Photographic Collection|    |    |    |    |    |Little River|"""Tower Rocks"" on Flat Branch Little River from opp. Slope of ravine"|3.2|http://www.loc.gov/mods/v3|http://www.w3.org/1999/xlink|http://www.w3.org/2001/XMLSchema-instance|http://www.loc.gov/mods/v3 http://www.loc.gov/standards/mods/v3/mods-3-2.xsd|Public domain.|still image
2019-11-19T04:01:55Z|wcc_327|wcc|image|dct|wcc036|local|https://digital.lib.utk.edu/collections/islandora/object/wcc%3A327|object in context|primary display|https://digital.lib.utk.edu/collections/islandora/object/wcc%3A327/datastream/TN/view|preview|creator|text|Cochran, William Cox 1848-1936|Mary Rudd Cochran|Document ID: wcc036|Annotation: M.R.C; 1959-03-24|    |    |This object was added to the Digital Preservation Network in November 2016.|dpn|Great Smoky Mountains Regional Project, The University of Tennessee Libraries, Knoxville Tennessee|1886-08-16|Image/jpeg|MS 552;  William Cox Cochran Great Smoky Mountains Photographic Collection, 1886;  Special Collections Library, The University of Tennessee|original|William Cox Cochran Photographic Collection|    |    |    |    |    |:|Miller's Cove (looking S.E. from Hatcher's) Dr. C.S. Evans in foreground|3.2|http://www.loc.gov/mods/v3|http://www.w3.org/1999/xlink|http://www.w3.org/2001/XMLSchema-instance|http://www.loc.gov/mods/v3 http://www.loc.gov/standards/mods/v3/mods-3-2.xsd|Public domain.|still image
2019-11-19T04:01:55Z|wcc_312|wcc|image|dct|wcc070|local|https://digital.lib.utk.edu/collections/islandora/object/wcc%3A312|object in context|primary display|https://digital.lib.utk.edu/collections/islandora/object/wcc%3A312/datastream/TN/view|preview|creator|text|Cochran, William Cox 1848-1936|Mary Rudd Cochran|Document ID: wcc070|Annotation: M.R.C; 1959-03-24|    |    |This object was added to the Digital Preservation Network in November 2016.|dpn|Great Smoky Mountains Regional Project, The University of Tennessee Libraries, Knoxville Tennessee|1886-08-19|Image/jpeg|MS 552;  William Cox Cochran Great Smoky Mountains Photographic Collection, 1886;  Special Collections Library, The University of Tennessee|original|William Cox Cochran Photographic Collection|Little River|Bodies of water|    |    |    |    |Cliff on Little River above Sam Walker's|3.2|http://www.loc.gov/mods/v3|http://www.w3.org/1999/xlink|http://www.w3.org/2001/XMLSchema-instance|http://www.loc.gov/mods/v3 http://www.loc.gov/standards/mods/v3/mods-3-2.xsd|Public domain.|still image
2019-11-19T04:01:55Z|wcc_318|wcc|image|dct|wcc076|local|https://digital.lib.utk.edu/collections/islandora/object/wcc%3A318|object in context|primary display|https://digital.lib.utk.edu/collections/islandora/object/wcc%3A318/datastream/TN/view|preview|creator|text|Cochran, William Cox 1848-1936|Mary Rudd Cochran|Document ID: wcc076|Annotation: M.R.C; 1959-03-24|    |    |This object was added to the Digital Preservation Network in November 2016.|dpn|Great Smoky Mountains Regional Project, The University of Tennessee Libraries, Knoxville Tennessee|1886-08-20|Image/jpeg|MS 552;  William Cox Cochran Great Smoky Mountains Photographic Collection, 1886;  Special Collections Library, The University of Tennessee|original|William Cox Cochran Photographic Collection|Little River|Tuckaleechee Cove|Bodies of water|Cabins|    |    |Neubern's Mill pond below Little River Gap.|3.2|http://www.loc.gov/mods/v3|http://www.w3.org/1999/xlink|http://www.w3.org/2001/XMLSchema-instance|http://www.loc.gov/mods/v3 http://www.loc.gov/standards/mods/v3/mods-3-2.xsd|Public domain.|still image
2019-11-19T04:01:55Z|wcc_354|wcc|image|dct|wcc106|local|https://digital.lib.utk.edu/collections/islandora/object/wcc%3A354|object in context|primary display|https://digital.lib.utk.edu/collections/islandora/object/wcc%3A354/datastream/TN/view|preview|creator|text|Cochran, William Cox 1848-1936|Mary Rudd Cochran|Document ID: wcc106|Annotation: M.R.C; 1959-03-24|    |    |This object was added to the Digital Preservation Network in November 2016.|dpn|Great Smoky Mountains Regional Project, The University of Tennessee Libraries, Knoxville Tennessee|1886-08-30|Image/jpeg|MS 552;  William Cox Cochran Great Smoky Mountains Photographic Collection, 1886;  Special Collections Library, The University of Tennessee|original|William Cox Cochran Photographic Collection|Little River|Tuckaleechee Cove|    |    |    |    |Little River Valley from point of rocks N. of Mt. Nebo House|3.2|http://www.loc.gov/mods/v3|http://www.w3.org/1999/xlink|http://www.w3.org/2001/XMLSchema-instance|http://www.loc.gov/mods/v3 http://www.loc.gov/standards/mods/v3/mods-3-2.xsd|Public domain.|still image
2019-11-19T04:01:55Z|wcc_313|wcc|image|dct|wcc029|local|https://digital.lib.utk.edu/collections/islandora/object/wcc%3A313|object in context|primary display|https://digital.lib.utk.edu/collections/islandora/object/wcc%3A313/datastream/TN/view|preview|creator|text|Cochran, William Cox 1848-1936|Mary Rudd Cochran|Document ID: wcc029|Annotation: M.R.C; 1959-03-24|    |    |This object was added to the Digital Preservation Network in November 2016.|dpn|Great Smoky Mountains Regional Project, The University of Tennessee Libraries, Knoxville Tennessee|1886-08-14|Image/jpeg|MS 552;  William Cox Cochran Great Smoky Mountains Photographic Collection, 1886;  Special Collections Library, The University of Tennessee|original|William Cox Cochran Photographic Collection|    |    |    |    |    |Miller Cove|"View in Miller's Cove - Walker's boys ""totin' cha'coal"""|3.2|http://www.loc.gov/mods/v3|http://www.w3.org/1999/xlink|http://www.w3.org/2001/XMLSchema-instance|http://www.loc.gov/mods/v3 http://www.loc.gov/standards/mods/v3/mods-3-2.xsd|Public domain.|still image
2019-11-19T04:01:55Z|wcc_341|wcc|image|dct|wcc090|local|https://digital.lib.utk.edu/collections/islandora/object/wcc%3A341|object in context|primary display|https://digital.lib.utk.edu/collections/islandora/object/wcc%3A341/datastream/TN/view|preview|creator|text|Cochran, William Cox 1848-1936|Mary Rudd Cochran|Document ID: wcc090|Annotation: M.R.C; 1959-03-24|    |    |This object was added to the Digital Preservation Network in November 2016.|dpn|Great Smoky Mountains Regional Project, The University of Tennessee Libraries, Knoxville Tennessee|1886-08-25|Image/jpeg|MS 552;  William Cox Cochran Great Smoky Mountains Photographic Collection, 1886;  Special Collections Library, The University of Tennessee|original|William Cox Cochran Photographic Collection|Tuckaleechee Cove|Sawmills|    |    |    |    |Spring and rocks at McCampbell's Mill. Tuckaleechee, noon recess of school|3.2|http://www.loc.gov/mods/v3|http://www.w3.org/1999/xlink|http://www.w3.org/2001/XMLSchema-instance|http://www.loc.gov/mods/v3 http://www.loc.gov/standards/mods/v3/mods-3-2.xsd|Public domain.|still image
2019-11-19T04:01:55Z|wcc_272|wcc|image|dct|wcc042|local|https://digital.lib.utk.edu/collections/islandora/object/wcc%3A272|object in context|primary display|https://digital.lib.utk.edu/collections/islandora/object/wcc%3A272/datastream/TN/view|preview|creator|text|Cochran, William Cox 1848-1936|Mary Rudd Cochran|Document ID: wcc042|Annotation: M.R.C; 1959-03-24|    |    |This object was added to the Digital Preservation Network in November 2016.|dpn|Great Smoky Mountains Regional Project, The University of Tennessee Libraries, Knoxville Tennessee|1886-08-16|Image/jpeg|MS 552;  William Cox Cochran Great Smoky Mountains Photographic Collection, 1886;  Special Collections Library, The University of Tennessee|original|William Cox Cochran Photographic Collection|Little River|Bodies of water|    |    |    |    |Little River above Vance Walker's|3.2|http://www.loc.gov/mods/v3|http://www.w3.org/1999/xlink|http://www.w3.org/2001/XMLSchema-instance|http://www.loc.gov/mods/v3 http://www.loc.gov/standards/mods/v3/mods-3-2.xsd|Public domain.|still image
2019-11-19T04:01:55Z|wcc_305|wcc|image|dct|wcc025|local|https://digital.lib.utk.edu/collections/islandora/object/wcc%3A305|object in context|primary display|https://digital.lib.utk.edu/collections/islandora/object/wcc%3A305/datastream/TN/view|preview|creator|text|Cochran, William Cox 1848-1936|Mary Rudd Cochran|Document ID: wcc025|Annotation: M.R.C; 1959-03-24|    |    |This object was added to the Digital Preservation Network in November 2016.|dpn|Great Smoky Mountains Regional Project, The University of Tennessee Libraries, Knoxville Tennessee|1886-08-13|Image/jpeg|MS 552;  William Cox Cochran Great Smoky Mountains Photographic Collection, 1886;  Special Collections Library, The University of Tennessee|original|William Cox Cochran Photographic Collection|Chilhowee Range|Mount Nebo|Blount County|    |    |    |View from verandah of Mt. Nebo house - Blount Co.|3.2|http://www.loc.gov/mods/v3|http://www.w3.org/1999/xlink|http://www.w3.org/2001/XMLSchema-instance|http://www.loc.gov/mods/v3 http://www.loc.gov/standards/mods/v3/mods-3-2.xsd|Public domain.|still image
2019-11-19T04:01:55Z|wcc_329|wcc|image|dct|wcc037|local|https://digital.lib.utk.edu/collections/islandora/object/wcc%3A329|object in context|primary display|https://digital.lib.utk.edu/collections/islandora/object/wcc%3A329/datastream/TN/view|preview|creator|text|Cochran, William Cox 1848-1936|Mary Rudd Cochran|Document ID: wcc037|Annotation: M.R.C; 1959-03-24|    |    |This object was added to the Digital Preservation Network in November 2016.|dpn|Great Smoky Mountains Regional Project, The University of Tennessee Libraries, Knoxville Tennessee|1886-08-16|Image/jpeg|MS 552;  William Cox Cochran Great Smoky Mountains Photographic Collection, 1886;  Special Collections Library, The University of Tennessee|original|William Cox Cochran Photographic Collection|Miller Cove|Cabins|    |    |    |    |Sam Walker's cabin and garden. Miller's Cove, Tenn.|3.2|http://www.loc.gov/mods/v3|http://www.w3.org/1999/xlink|http://www.w3.org/2001/XMLSchema-instance|http://www.loc.gov/mods/v3 http://www.loc.gov/standards/mods/v3/mods-3-2.xsd|Public domain.|still image
2019-11-19T04:01:55Z|wcc_344|wcc|image|dct|wcc093|local|https://digital.lib.utk.edu/collections/islandora/object/wcc%3A344|object in context|primary display|https://digital.lib.utk.edu/collections/islandora/object/wcc%3A344/datastream/TN/view|preview|creator|text|Cochran, William Cox 1848-1936|Mary Rudd Cochran|Document ID: wcc093|Annotation: M.R.C; 1959-03-24|    |    |This object was added to the Digital Preservation Network in November 2016.|dpn|Great Smoky Mountains Regional Project, The University of Tennessee Libraries, Knoxville Tennessee|1886-08-25|Image/jpeg|MS 552;  William Cox Cochran Great Smoky Mountains Photographic Collection, 1886;  Special Collections Library, The University of Tennessee|original|William Cox Cochran Photographic Collection|Blount County|Cades Cove|Houses|    |    |    |Squire D. B. Lawson's house. Cade's Cove - Blount Co. Tenn.|3.2|http://www.loc.gov/mods/v3|http://www.w3.org/1999/xlink|http://www.w3.org/2001/XMLSchema-instance|http://www.loc.gov/mods/v3 http://www.loc.gov/standards/mods/v3/mods-3-2.xsd|Public domain.|still image
2019-11-19T04:01:55Z|wcc_356|wcc|image|dct|wcc108|local|https://digital.lib.utk.edu/collections/islandora/object/wcc%3A356|object in context|primary display|https://digital.lib.utk.edu/collections/islandora/object/wcc%3A356/datastream/TN/view|preview|creator|text|Cochran, William Cox 1848-1936|Mary Rudd Cochran|Document ID: wcc108|Annotation: M.R.C; 1959-03-24|    |    |This object was added to the Digital Preservation Network in November 2016.|dpn|Great Smoky Mountains Regional Project, The University of Tennessee Libraries, Knoxville Tennessee|1886-09-01|Image/jpeg|AR 18;  William Cox Cochran Great Smoky Mountains Photographic Collection, 1886;  Special Collections Library, The University of Tennessee|original|William Cox Cochran Photographic Collection|Knoxville|University of Tennessee|    |    |    |    |University of E. Tennessee - Knoxville|3.2|http://www.loc.gov/mods/v3|http://www.w3.org/1999/xlink|http://www.w3.org/2001/XMLSchema-instance|http://www.loc.gov/mods/v3 http://www.loc.gov/standards/mods/v3/mods-3-2.xsd|Public domain.|still image
2019-11-19T04:01:55Z|wcc_273|wcc|image|dct|wcc008|local|https://digital.lib.utk.edu/collections/islandora/object/wcc%3A273|object in context|primary display|https://digital.lib.utk.edu/collections/islandora/object/wcc%3A273/datastream/TN/view|preview|creator|text|Cochran, William Cox 1848-1936|Mary Rudd Cochran|Document ID: wcc008|    |This object was added to the Digital Preservation Network in November 2016.|dpn|    |    |Great Smoky Mountains Regional Project, The University of Tennessee Libraries, Knoxville Tennessee|1886-08-12|Image/jpeg|MS 552;  William Cox Cochran Great Smoky Mountains Photographic Collection, 1886;  Special Collections Library, The University of Tennessee|original|William Cox Cochran Photographic Collection|Chilhowee Range|Pine Mountain|    |    |    |    |Summit of Pine Mt. (looking west)Chilhowee Range Blount Co. Tenn.|3.2|http://www.loc.gov/mods/v3|http://www.w3.org/1999/xlink|http://www.w3.org/2001/XMLSchema-instance|http://www.loc.gov/mods/v3 http://www.loc.gov/standards/mods/v3/mods-3-2.xsd|Public domain.|still image
2019-11-19T04:01:55Z|wcc_300|wcc|image|dct|wcc064|local|https://digital.lib.utk.edu/collections/islandora/object/wcc%3A300|object in context|primary display|https://digital.lib.utk.edu/collections/islandora/object/wcc%3A300/datastream/TN/view|preview|creator|text|Cochran, William Cox 1848-1936|Mary Rudd Cochran|Document ID: wcc064|Annotation: M.R.C; 1959-03-24|    |    |This object was added to the Digital Preservation Network in November 2016.|dpn|Great Smoky Mountains Regional Project, The University of Tennessee Libraries, Knoxville Tennessee|1886-08-19|Image/jpeg|MS 552;  William Cox Cochran Great Smoky Mountains Photographic Collection, 1886;  Special Collections Library, The University of Tennessee|original|William Cox Cochran Photographic Collection|Tuckaleechee Cove|Sawmills|    |    |    |    |Yearout's Mill Tuckaleechee Cove Blount Co. Tenn.|3.2|http://www.loc.gov/mods/v3|http://www.w3.org/1999/xlink|http://www.w3.org/2001/XMLSchema-instance|http://www.loc.gov/mods/v3 http://www.loc.gov/standards/mods/v3/mods-3-2.xsd|Public domain.|still image
2019-11-19T04:01:55Z|wcc_299|wcc|image|dct|wcc022|local|https://digital.lib.utk.edu/collections/islandora/object/wcc%3A299|object in context|primary display|https://digital.lib.utk.edu/collections/islandora/object/wcc%3A299/datastream/TN/view|preview|creator|text|Cochran, William Cox 1848-1936|Mary Rudd Cochran|Document ID: wcc022|Annotation: M.R.C; 1959-03-24|    |    |This object was added to the Digital Preservation Network in November 2016.|dpn|Great Smoky Mountains Regional Project, The University of Tennessee Libraries, Knoxville Tennessee|1886-08-13|Image/jpeg|MS 552;  William Cox Cochran Great Smoky Mountains Photographic Collection, 1886;  Special Collections Library, The University of Tennessee|original|William Cox Cochran Photographic Collection|Chilhowee Range|Hotels|    |    |    |    |Distant view of Chilhowee R. from Melrose|3.2|http://www.loc.gov/mods/v3|http://www.w3.org/1999/xlink|http://www.w3.org/2001/XMLSchema-instance|http://www.loc.gov/mods/v3 http://www.loc.gov/standards/mods/v3/mods-3-2.xsd|Public domain.|still image
2019-11-19T04:01:55Z|wcc_278|wcc|image|dct|wcc051|local|https://digital.lib.utk.edu/collections/islandora/object/wcc%3A278|object in context|primary display|https://digital.lib.utk.edu/collections/islandora/object/wcc%3A278/datastream/TN/view|preview|creator|text|Cochran, William Cox 1848-1936|Mary Rudd Cochran|Document ID: wcc051|Annotation: M.R.C; 1959-03-24|    |    |This object was added to the Digital Preservation Network in November 2016.|dpn|Great Smoky Mountains Regional Project, The University of Tennessee Libraries, Knoxville Tennessee|1886-08-18|Image/jpeg|MS 552;  William Cox Cochran Great Smoky Mountains Photographic Collection, 1886;  Special Collections Library, The University of Tennessee|original|William Cox Cochran Photographic Collection|Cabins|Little River|    |    |    |    |Dorsey's cabin in Middle Fork of Little River|3.2|http://www.loc.gov/mods/v3|http://www.w3.org/1999/xlink|http://www.w3.org/2001/XMLSchema-instance|http://www.loc.gov/mods/v3 http://www.loc.gov/standards/mods/v3/mods-3-2.xsd|Public domain.|still image
2019-11-19T04:01:55Z|wcc_333|wcc|image|dct|wcc085|local|https://digital.lib.utk.edu/collections/islandora/object/wcc%3A333|object in context|primary display|https://digital.lib.utk.edu/collections/islandora/object/wcc%3A333/datastream/TN/view|preview|creator|text|Cochran, William Cox 1848-1936|Mary Rudd Cochran|Document ID: wcc085|Annotation: M.R.C; 1959-03-24|    |    |This object was added to the Digital Preservation Network in November 2016.|dpn|Great Smoky Mountains Regional Project, The University of Tennessee Libraries, Knoxville Tennessee|1886-08-24|Image/jpeg|MS 552;  William Cox Cochran Great Smoky Mountains Photographic Collection, 1886;  Special Collections Library, The University of Tennessee|original|William Cox Cochran Photographic Collection|Chilhowee Range|Pine Mountain|    |    |    |    |Slope of Pine Mt. from Sunset Hill. Mt. Nebo|3.2|http://www.loc.gov/mods/v3|http://www.w3.org/1999/xlink|http://www.w3.org/2001/XMLSchema-instance|http://www.loc.gov/mods/v3 http://www.loc.gov/standards/mods/v3/mods-3-2.xsd|Public domain.|still image
2019-11-19T04:01:55Z|wcc_323|wcc|image|dct|wcc034|local|https://digital.lib.utk.edu/collections/islandora/object/wcc%3A323|object in context|primary display|https://digital.lib.utk.edu/collections/islandora/object/wcc%3A323/datastream/TN/view|preview|creator|text|Cochran, William Cox 1848-1936|Mary Rudd Cochran|Document ID: wcc034|Annotation: M.R.C; 1959-03-24|    |    |This object was added to the Digital Preservation Network in November 2016.|dpn|Great Smoky Mountains Regional Project, The University of Tennessee Libraries, Knoxville Tennessee|1886-08-14|Image/jpeg|MS 552;  William Cox Cochran Great Smoky Mountains Photographic Collection, 1886;  Special Collections Library, The University of Tennessee|original|William Cox Cochran Photographic Collection|Chilhowee Range|Saddle Mountain|Little River|Millers Cove|Bodies of water|    |Saddle Mt. Little River Gap from near Sammie Walker's Miller's Cove|3.2|http://www.loc.gov/mods/v3|http://www.w3.org/1999/xlink|http://www.w3.org/2001/XMLSchema-instance|http://www.loc.gov/mods/v3 http://www.loc.gov/standards/mods/v3/mods-3-2.xsd|Public domain.|still image
2019-11-19T04:01:55Z|wcc_296|wcc|image|dct|wcc061|local|https://digital.lib.utk.edu/collections/islandora/object/wcc%3A296|object in context|primary display|https://digital.lib.utk.edu/collections/islandora/object/wcc%3A296/datastream/TN/view|preview|creator|text|Cochran, William Cox 1848-1936|Mary Rudd Cochran|Document ID: wcc061|Annotation: M.R.C; 1959-03-24|    |    |This object was added to the Digital Preservation Network in November 2016.|dpn|Great Smoky Mountains Regional Project, The University of Tennessee Libraries, Knoxville Tennessee|1886-08-19|Image/jpeg|MS 552;  William Cox Cochran Great Smoky Mountains Photographic Collection, 1886;  Special Collections Library, The University of Tennessee|original|William Cox Cochran Photographic Collection|Scott Mountain|Little Mountain|    |    |    |    |Little, or Fox Mt. from mud road at foot of Scott Mt.|3.2|http://www.loc.gov/mods/v3|http://www.w3.org/1999/xlink|http://www.w3.org/2001/XMLSchema-instance|http://www.loc.gov/mods/v3 http://www.loc.gov/standards/mods/v3/mods-3-2.xsd|Public domain.|still image
2019-11-19T04:01:55Z|wcc_322|wcc|image|dct|wcc080|local|https://digital.lib.utk.edu/collections/islandora/object/wcc%3A322|object in context|primary display|https://digital.lib.utk.edu/collections/islandora/object/wcc%3A322/datastream/TN/view|preview|creator|text|Cochran, William Cox 1848-1936|Mary Rudd Cochran|Document ID: wcc080|Annotation: M.R.C; 1959-03-24|    |    |This object was added to the Digital Preservation Network in November 2016.|dpn|Great Smoky Mountains Regional Project, The University of Tennessee Libraries, Knoxville Tennessee|1886-08-22|Image/jpeg|MS 552;  William Cox Cochran Great Smoky Mountains Photographic Collection, 1886;  Special Collections Library, The University of Tennessee|original|William Cox Cochran Photographic Collection|    |    |    |    |    |Chilhowee Range|Knob on Chilhowee R|3.2|http://www.loc.gov/mods/v3|http://www.w3.org/1999/xlink|http://www.w3.org/2001/XMLSchema-instance|http://www.loc.gov/mods/v3 http://www.loc.gov/standards/mods/v3/mods-3-2.xsd|Public domain.|still image
2019-11-19T04:01:55Z|wcc_325|wcc|image|dct|wcc035|local|https://digital.lib.utk.edu/collections/islandora/object/wcc%3A325|object in context|primary display|https://digital.lib.utk.edu/collections/islandora/object/wcc%3A325/datastream/TN/view|preview|creator|text|Cochran, William Cox 1848-1936|Mary Rudd Cochran|Document ID: wcc035|Annotation: M.R.C; 1959-03-24|    |    |This object was added to the Digital Preservation Network in November 2016.|dpn|Great Smoky Mountains Regional Project, The University of Tennessee Libraries, Knoxville Tennessee|1886-08-14|Image/jpeg|MS 552;  William Cox Cochran Great Smoky Mountains Photographic Collection, 1886;  Special Collections Library, The University of Tennessee|original|William Cox Cochran Photographic Collection|Chilhowee Range|Saddle Mountain|Little River|Millers Cove|    |    |Saddle Mt. -Chilhowee R. - from Sam Walker's backyard|3.2|http://www.loc.gov/mods/v3|http://www.w3.org/1999/xlink|http://www.w3.org/2001/XMLSchema-instance|http://www.loc.gov/mods/v3 http://www.loc.gov/standards/mods/v3/mods-3-2.xsd|Public domain.|still image
2019-11-19T04:01:55Z|wcc_291|wcc|image|dct|wcc018|local|https://digital.lib.utk.edu/collections/islandora/object/wcc%3A291|object in context|primary display|https://digital.lib.utk.edu/collections/islandora/object/wcc%3A291/datastream/TN/view|preview|creator|text|Cochran, William Cox 1848-1936|Mary Rudd Cochran|Document ID: wcc018|Annotation: M.R.C; 1959-03-24|    |    |This object was added to the Digital Preservation Network in November 2016.|dpn|Great Smoky Mountains Regional Project, The University of Tennessee Libraries, Knoxville Tennessee|1886-08-13|Image/jpeg|MS 552;  William Cox Cochran Great Smoky Mountains Photographic Collection, 1886;  Special Collections Library, The University of Tennessee|original|William Cox Cochran Photographic Collection|Chilhowee Range|Mount Nebo|    |    |    |    |Mt. Nebo - Chilhowee R. from ridge near Melrose|3.2|http://www.loc.gov/mods/v3|http://www.w3.org/1999/xlink|http://www.w3.org/2001/XMLSchema-instance|http://www.loc.gov/mods/v3 http://www.loc.gov/standards/mods/v3/mods-3-2.xsd|Public domain.|still image
2019-11-19T04:01:55Z|wcc_343|wcc|image|dct|wcc092|local|https://digital.lib.utk.edu/collections/islandora/object/wcc%3A343|object in context|primary display|https://digital.lib.utk.edu/collections/islandora/object/wcc%3A343/datastream/TN/view|preview|creator|text|Cochran, William Cox 1848-1936|Mary Rudd Cochran|Document ID: wcc092|Annotation: M.R.C; 1959-03-24|    |    |This object was added to the Digital Preservation Network in November 2016.|dpn|Great Smoky Mountains Regional Project, The University of Tennessee Libraries, Knoxville Tennessee|1886-08-25|Image/jpeg|MS 552;  William Cox Cochran Great Smoky Mountains Photographic Collection, 1886;  Special Collections Library, The University of Tennessee|original|William Cox Cochran Photographic Collection|Tipton Sugar Cive|Cades Cove|    |    |    |    |Tipton's Sugar Cove Mt. from rear of Squire D.B. Lawson's, Cade's Cove|3.2|http://www.loc.gov/mods/v3|http://www.w3.org/1999/xlink|http://www.w3.org/2001/XMLSchema-instance|http://www.loc.gov/mods/v3 http://www.loc.gov/standards/mods/v3/mods-3-2.xsd|Public domain.|still image
2019-11-19T04:01:55Z|wcc_276|wcc|image|dct|wcc050|local|https://digital.lib.utk.edu/collections/islandora/object/wcc%3A276|object in context|primary display|https://digital.lib.utk.edu/collections/islandora/object/wcc%3A276/datastream/TN/view|preview|creator|text|Cochran, William Cox 1848-1936|Mary Rudd Cochran|Document ID: wcc050|Annotation: M.R.C; 1959-03-24|    |    |This object was added to the Digital Preservation Network in November 2016.|dpn|Great Smoky Mountains Regional Project, The University of Tennessee Libraries, Knoxville Tennessee|1886-08-17|Image/jpeg|MS 552;  William Cox Cochran Great Smoky Mountains Photographic Collection, 1886;  Special Collections Library, The University of Tennessee|original|William Cox Cochran Photographic Collection|    |    |    |    |    |Defeat Ridge|Great Smoky Mts. From E. slope of Defeat Mt.|3.2|http://www.loc.gov/mods/v3|http://www.w3.org/1999/xlink|http://www.w3.org/2001/XMLSchema-instance|http://www.loc.gov/mods/v3 http://www.loc.gov/standards/mods/v3/mods-3-2.xsd|Public domain.|still image
2019-11-19T04:01:55Z|wcc_292|wcc|image|dct|wcc059|local|https://digital.lib.utk.edu/collections/islandora/object/wcc%3A292|object in context|primary display|https://digital.lib.utk.edu/collections/islandora/object/wcc%3A292/datastream/TN/view|preview|creator|text|Cochran, William Cox 1848-1936|Mary Rudd Cochran|Document ID: wcc059|Annotation: M.R.C; 1959-03-24|    |    |This object was added to the Digital Preservation Network in November 2016.|dpn|Great Smoky Mountains Regional Project, The University of Tennessee Libraries, Knoxville Tennessee|1886-08-19|Image/jpeg|MS 552;  William Cox Cochran Great Smoky Mountains Photographic Collection, 1886;  Special Collections Library, The University of Tennessee|original|William Cox Cochran Photographic Collection|Blount County|Scott Mountain|Pine-Oak Forests|    |    |    |Giant pines on Scott Mt.|3.2|http://www.loc.gov/mods/v3|http://www.w3.org/1999/xlink|http://www.w3.org/2001/XMLSchema-instance|http://www.loc.gov/mods/v3 http://www.loc.gov/standards/mods/v3/mods-3-2.xsd|Public domain.|still image
2019-11-19T04:01:55Z|wcc_293|wcc|image|dct|wcc019|local|https://digital.lib.utk.edu/collections/islandora/object/wcc%3A293|object in context|primary display|https://digital.lib.utk.edu/collections/islandora/object/wcc%3A293/datastream/TN/view|preview|creator|text|Cochran, William Cox 1848-1936|Mary Rudd Cochran|Document ID: wcc019|Annotation: M.R.C; 1959-03-24|    |    |This object was added to the Digital Preservation Network in November 2016.|dpn|Great Smoky Mountains Regional Project, The University of Tennessee Libraries, Knoxville Tennessee|1886-08-13|Image/jpeg|MS 552;  William Cox Cochran Great Smoky Mountains Photographic Collection, 1886;  Special Collections Library, The University of Tennessee|original|William Cox Cochran Photographic Collection|Chilhowee Range|Mount Nebo|    |    |    |    |Mt. Nebo. Chilhowee R. from Melrose Spring|3.2|http://www.loc.gov/mods/v3|http://www.w3.org/1999/xlink|http://www.w3.org/2001/XMLSchema-instance|http://www.loc.gov/mods/v3 http://www.loc.gov/standards/mods/v3/mods-3-2.xsd|Public domain.|still image
2019-11-19T04:01:55Z|wcc_268|wcc|image|dct|wcc038|local|https://digital.lib.utk.edu/collections/islandora/object/wcc%3A268|object in context|primary display|https://digital.lib.utk.edu/collections/islandora/object/wcc%3A268/datastream/TN/view|preview|creator|text|Cochran, William Cox 1848-1936|Mary Rudd Cochran|Document ID: wcc038|Annotation: M.R.C; 1959-03-24|    |    |This object was added to the Digital Preservation Network in November 2016.|dpn|Great Smoky Mountains Regional Project, The University of Tennessee Libraries, Knoxville Tennessee|1886-08-16|Image/jpeg|MS 552;  William Cox Cochran Great Smoky Mountains Photographic Collection, 1886;  Special Collections Library, The University of Tennessee|original|William Cox Cochran Photographic Collection|Chilhowee Range|Mount Nebo|Cabins|    |    |    |Mt. Nebo - Chilhowee R. - from Miller's Cove|3.2|http://www.loc.gov/mods/v3|http://www.w3.org/1999/xlink|http://www.w3.org/2001/XMLSchema-instance|http://www.loc.gov/mods/v3 http://www.loc.gov/standards/mods/v3/mods-3-2.xsd|Public domain.|still image
2019-11-19T04:01:55Z|wcc_298|wcc|image|dct|wcc063|local|https://digital.lib.utk.edu/collections/islandora/object/wcc%3A298|object in context|primary display|https://digital.lib.utk.edu/collections/islandora/object/wcc%3A298/datastream/TN/view|preview|creator|text|Cochran, William Cox 1848-1936|Mary Rudd Cochran|Document ID: wcc063|Annotation: M.R.C; 1959-03-24|    |    |This object was added to the Digital Preservation Network in November 2016.|dpn|Great Smoky Mountains Regional Project, The University of Tennessee Libraries, Knoxville Tennessee|1886-08-19|Image/jpeg|MS 552;  William Cox Cochran Great Smoky Mountains Photographic Collection, 1886;  Special Collections Library, The University of Tennessee|original|William Cox Cochran Photographic Collection|Tuckaleechee Cove|Cabins|Barns|    |    |    |Com. Caughron's house Tuckaleechee Cove Tenn.|3.2|http://www.loc.gov/mods/v3|http://www.w3.org/1999/xlink|http://www.w3.org/2001/XMLSchema-instance|http://www.loc.gov/mods/v3 http://www.loc.gov/standards/mods/v3/mods-3-2.xsd|Public domain.|still image
2019-11-19T04:01:55Z|wcc_275|wcc|image|dct|wcc009|local|https://digital.lib.utk.edu/collections/islandora/object/wcc%3A275|object in context|primary display|https://digital.lib.utk.edu/collections/islandora/object/wcc%3A275/datastream/TN/view|preview|creator|text|Cochran, William Cox 1848-1936|Mary Rudd Cochran|Document ID: wcc009|    |This object was added to the Digital Preservation Network in November 2016.|dpn|    |    |Great Smoky Mountains Regional Project, The University of Tennessee Libraries, Knoxville Tennessee|1886-08-12|Image/jpeg|MS 552;  William Cox Cochran Great Smoky Mountains Photographic Collection, 1886;  Special Collections Library, The University of Tennessee|original|William Cox Cochran Photographic Collection|Chilhowee Range|Pine Mountain|    |    |    |    |Summit of Pine Mt. (looking north)Chilhowee Range Blount Co. Tenn.|3.2|http://www.loc.gov/mods/v3|http://www.w3.org/1999/xlink|http://www.w3.org/2001/XMLSchema-instance|http://www.loc.gov/mods/v3 http://www.loc.gov/standards/mods/v3/mods-3-2.xsd|Public domain.|still image
2019-11-19T04:01:55Z|wcc_347|wcc|image|dct|wcc096|local|https://digital.lib.utk.edu/collections/islandora/object/wcc%3A347|object in context|primary display|https://digital.lib.utk.edu/collections/islandora/object/wcc%3A347/datastream/TN/view|preview|creator|text|Cochran, William Cox 1848-1936|Mary Rudd Cochran|Document ID: wcc096|Annotation: M.R.C; 1959-03-24|    |    |This object was added to the Digital Preservation Network in November 2016.|dpn|Great Smoky Mountains Regional Project, The University of Tennessee Libraries, Knoxville Tennessee|1886-08-27|Image/jpeg|MS 552;  William Cox Cochran Great Smoky Mountains Photographic Collection, 1886;  Special Collections Library, The University of Tennessee|original|William Cox Cochran Photographic Collection|Pine-Oak forests|Gregory Bald|    |    |    |    |Oak forest around summit of Big Bald Mt.|3.2|http://www.loc.gov/mods/v3|http://www.w3.org/1999/xlink|http://www.w3.org/2001/XMLSchema-instance|http://www.loc.gov/mods/v3 http://www.loc.gov/standards/mods/v3/mods-3-2.xsd|Public domain.|still image
2019-11-19T04:01:55Z|wcc_334|wcc|image|dct|wcc045|local|https://digital.lib.utk.edu/collections/islandora/object/wcc%3A334|object in context|primary display|https://digital.lib.utk.edu/collections/islandora/object/wcc%3A334/datastream/TN/view|preview|creator|text|Cochran, William Cox 1848-1936|Mary Rudd Cochran|Document ID: wcc045|Annotation: M.R.C; 1959-03-24|    |    |This object was added to the Digital Preservation Network in November 2016.|dpn|Great Smoky Mountains Regional Project, The University of Tennessee Libraries, Knoxville Tennessee|1886-08-16|Image/jpeg|MS 552;  William Cox Cochran Great Smoky Mountains Photographic Collection, 1886;  Special Collections Library, The University of Tennessee|original|William Cox Cochran Photographic Collection|Roads|Scott Mountain|    |    |    |    |Great Smoky Mts. From road over Scott Mt.|3.2|http://www.loc.gov/mods/v3|http://www.w3.org/1999/xlink|http://www.w3.org/2001/XMLSchema-instance|http://www.loc.gov/mods/v3 http://www.loc.gov/standards/mods/v3/mods-3-2.xsd|Public domain.|still image
2019-11-19T04:01:55Z|wcc_274|wcc|image|dct|wcc048|local|https://digital.lib.utk.edu/collections/islandora/object/wcc%3A274|object in context|primary display|https://digital.lib.utk.edu/collections/islandora/object/wcc%3A274/datastream/TN/view|preview|creator|text|Cochran, William Cox 1848-1936|Mary Rudd Cochran|Document ID: wcc048|Annotation: M.R.C; 1959-03-24|    |    |This object was added to the Digital Preservation Network in November 2016.|dpn|Great Smoky Mountains Regional Project, The University of Tennessee Libraries, Knoxville Tennessee|1886-08-17|Image/jpeg|MS 552;  William Cox Cochran Great Smoky Mountains Photographic Collection, 1886;  Special Collections Library, The University of Tennessee|original|William Cox Cochran Photographic Collection|Blount County|Laurel Creek|Transportation|    |    |    |Laurel Creek Road Blount Co. Tenn.|3.2|http://www.loc.gov/mods/v3|http://www.w3.org/1999/xlink|http://www.w3.org/2001/XMLSchema-instance|http://www.loc.gov/mods/v3 http://www.loc.gov/standards/mods/v3/mods-3-2.xsd|Public domain.|still image
2019-11-19T04:01:55Z|wcc_349|wcc|image|dct|wcc100|local|https://digital.lib.utk.edu/collections/islandora/object/wcc%3A349|object in context|primary display|https://digital.lib.utk.edu/collections/islandora/object/wcc%3A349/datastream/TN/view|preview|creator|text|Cochran, William Cox 1848-1936|Mary Rudd Cochran|Document ID: wcc100|Annotation: M.R.C; 1959-03-24|    |    |This object was added to the Digital Preservation Network in November 2016.|dpn|Great Smoky Mountains Regional Project, The University of Tennessee Libraries, Knoxville Tennessee|1886-08-28|Image/jpeg|MS 552;  William Cox Cochran Great Smoky Mountains Photographic Collection, 1886;  Special Collections Library, The University of Tennessee|original|William Cox Cochran Photographic Collection|    |    |    |    |    |Cades Cove|Cade's Cove Mt. From road to Tuckaleechee|3.2|http://www.loc.gov/mods/v3|http://www.w3.org/1999/xlink|http://www.w3.org/2001/XMLSchema-instance|http://www.loc.gov/mods/v3 http://www.loc.gov/standards/mods/v3/mods-3-2.xsd|Public domain.|still image
2019-11-19T04:01:55Z|wcc_288|wcc|image|dct|wcc057|local|https://digital.lib.utk.edu/collections/islandora/object/wcc%3A288|object in context|primary display|https://digital.lib.utk.edu/collections/islandora/object/wcc%3A288/datastream/TN/view|preview|creator|text|Cochran, William Cox 1848-1936|Mary Rudd Cochran|Document ID: wcc057|Annotation: M.R.C; 1959-03-24|    |    |This object was added to the Digital Preservation Network in November 2016.|dpn|Great Smoky Mountains Regional Project, The University of Tennessee Libraries, Knoxville Tennessee|1886-08-18|Image/jpeg|MS 552;  William Cox Cochran Great Smoky Mountains Photographic Collection, 1886;  Special Collections Library, The University of Tennessee|original|William Cox Cochran Photographic Collection|Trails|Bodies of water|    |    |    |    |Bridle path to Robt. Spence's (looking down)|3.2|http://www.loc.gov/mods/v3|http://www.w3.org/1999/xlink|http://www.w3.org/2001/XMLSchema-instance|http://www.loc.gov/mods/v3 http://www.loc.gov/standards/mods/v3/mods-3-2.xsd|Public domain.|still image
2019-11-19T04:01:55Z|wcc_306|wcc|image|dct|wcc067|local|https://digital.lib.utk.edu/collections/islandora/object/wcc%3A306|object in context|primary display|https://digital.lib.utk.edu/collections/islandora/object/wcc%3A306/datastream/TN/view|preview|creator|text|Cochran, William Cox 1848-1936|Mary Rudd Cochran|Document ID: wcc067|Annotation: M.R.C; 1959-03-24|    |    |This object was added to the Digital Preservation Network in November 2016.|dpn|Great Smoky Mountains Regional Project, The University of Tennessee Libraries, Knoxville Tennessee|1886-08-19|Image/jpeg|MS 552;  William Cox Cochran Great Smoky Mountains Photographic Collection, 1886;  Special Collections Library, The University of Tennessee|original|William Cox Cochran Photographic Collection|Little River|Tuckaleechee Cove|Bodies of water|    |    |    |Double bend in Little River below Tuckaleechee Cove|3.2|http://www.loc.gov/mods/v3|http://www.w3.org/1999/xlink|http://www.w3.org/2001/XMLSchema-instance|http://www.loc.gov/mods/v3 http://www.loc.gov/standards/mods/v3/mods-3-2.xsd|Public domain.|still image
2019-11-19T04:01:55Z|wcc_352|wcc|image|dct|wcc104|local|https://digital.lib.utk.edu/collections/islandora/object/wcc%3A352|object in context|primary display|https://digital.lib.utk.edu/collections/islandora/object/wcc%3A352/datastream/TN/view|preview|creator|text|Cochran, William Cox 1848-1936|Mary Rudd Cochran|Document ID: wcc104|Annotation: M.R.C; 1959-03-24|    |    |This object was added to the Digital Preservation Network in November 2016.|dpn|Great Smoky Mountains Regional Project, The University of Tennessee Libraries, Knoxville Tennessee|1886-08-30|Image/jpeg|MS 552;  William Cox Cochran Great Smoky Mountains Photographic Collection, 1886;  Special Collections Library, The University of Tennessee|original|William Cox Cochran Photographic Collection|    |    |    |    |    |Chilhowee Range, Mount Nebo|Sea of cloud, 6 A.M. from Sunset Hill, Mt. Nebo|3.2|http://www.loc.gov/mods/v3|http://www.w3.org/1999/xlink|http://www.w3.org/2001/XMLSchema-instance|http://www.loc.gov/mods/v3 http://www.loc.gov/standards/mods/v3/mods-3-2.xsd|Public domain.|still image
2019-11-19T04:01:55Z|wcc_324|wcc|image|dct|wcc081|local|https://digital.lib.utk.edu/collections/islandora/object/wcc%3A324|object in context|primary display|https://digital.lib.utk.edu/collections/islandora/object/wcc%3A324/datastream/TN/view|preview|creator|text|Cochran, William Cox 1848-1936|Mary Rudd Cochran|Document ID: wcc081|Annotation: M.R.C; 1959-03-24|    |    |This object was added to the Digital Preservation Network in November 2016.|dpn|Great Smoky Mountains Regional Project, The University of Tennessee Libraries, Knoxville Tennessee|1886-08-22|Image/jpeg|MS 552;  William Cox Cochran Great Smoky Mountains Photographic Collection, 1886;  Special Collections Library, The University of Tennessee|original|William Cox Cochran Photographic Collection|Chilhowee Range|Cades Cove|    |    |    |    |Chilhowee Range (looking South) near road from Maryville to Cade's Cove|3.2|http://www.loc.gov/mods/v3|http://www.w3.org/1999/xlink|http://www.w3.org/2001/XMLSchema-instance|http://www.loc.gov/mods/v3 http://www.loc.gov/standards/mods/v3/mods-3-2.xsd|Public domain.|still image
2019-11-19T04:01:55Z|wcc_337|wcc|image|dct|wcc087|local|https://digital.lib.utk.edu/collections/islandora/object/wcc%3A337|object in context|primary display|https://digital.lib.utk.edu/collections/islandora/object/wcc%3A337/datastream/TN/view|preview|creator|text|Cochran, William Cox 1848-1936|Mary Rudd Cochran|Document ID: wcc087|Annotation: M.R.C; 1959-03-24|    |    |This object was added to the Digital Preservation Network in November 2016.|dpn|Great Smoky Mountains Regional Project, The University of Tennessee Libraries, Knoxville Tennessee|1886-08-25|Image/jpeg|MS 552;  William Cox Cochran Great Smoky Mountains Photographic Collection, 1886;  Special Collections Library, The University of Tennessee|original|William Cox Cochran Photographic Collection|    |    |    |    |    |Miller Cove|Avert's clearing. Miller's Cove|3.2|http://www.loc.gov/mods/v3|http://www.w3.org/1999/xlink|http://www.w3.org/2001/XMLSchema-instance|http://www.loc.gov/mods/v3 http://www.loc.gov/standards/mods/v3/mods-3-2.xsd|Public domain.|still image
2019-11-19T04:01:55Z|wcc_302|wcc|image|dct|wcc065|local|https://digital.lib.utk.edu/collections/islandora/object/wcc%3A302|object in context|primary display|https://digital.lib.utk.edu/collections/islandora/object/wcc%3A302/datastream/TN/view|preview|creator|text|Cochran, William Cox 1848-1936|Mary Rudd Cochran|Document ID: wcc065|Annotation: M.R.C; 1959-03-24|    |    |This object was added to the Digital Preservation Network in November 2016.|dpn|Great Smoky Mountains Regional Project, The University of Tennessee Libraries, Knoxville Tennessee|1886-08-19|Image/jpeg|MS 552;  William Cox Cochran Great Smoky Mountains Photographic Collection, 1886;  Special Collections Library, The University of Tennessee|original|William Cox Cochran Photographic Collection|Little River|Tuckaleechee Cove|Bodies of water|    |    |    |Up Little River from ford at Tuckaleechee|3.2|http://www.loc.gov/mods/v3|http://www.w3.org/1999/xlink|http://www.w3.org/2001/XMLSchema-instance|http://www.loc.gov/mods/v3 http://www.loc.gov/standards/mods/v3/mods-3-2.xsd|Public domain.|still image
2019-11-19T04:01:55Z|wcc_311|wcc|image|dct|wcc028|local|https://digital.lib.utk.edu/collections/islandora/object/wcc%3A311|object in context|primary display|https://digital.lib.utk.edu/collections/islandora/object/wcc%3A311/datastream/TN/view|preview|creator|text|Cochran, William Cox 1848-1936|Mary Rudd Cochran|Document ID: wcc028|Annotation: M.R.C; 1959-03-24|    |    |This object was added to the Digital Preservation Network in November 2016.|dpn|Great Smoky Mountains Regional Project, The University of Tennessee Libraries, Knoxville Tennessee|1886-08-14|Image/jpeg|MS 552;  William Cox Cochran Great Smoky Mountains Photographic Collection, 1886;  Special Collections Library, The University of Tennessee|original|William Cox Cochran Photographic Collection|Chilhowee Range|Pine Mountain|Trails|    |    |    |Looking toward Dammit from Pine Mt. Trail|3.2|http://www.loc.gov/mods/v3|http://www.w3.org/1999/xlink|http://www.w3.org/2001/XMLSchema-instance|http://www.loc.gov/mods/v3 http://www.loc.gov/standards/mods/v3/mods-3-2.xsd|Public domain.|still image
2019-11-19T04:01:55Z|wcc_309|wcc|image|dct|wcc027|local|https://digital.lib.utk.edu/collections/islandora/object/wcc%3A309|object in context|primary display|https://digital.lib.utk.edu/collections/islandora/object/wcc%3A309/datastream/TN/view|preview|creator|text|Cochran, William Cox 1848-1936|Mary Rudd Cochran|Document ID: wcc027|Annotation: M.R.C; 1959-03-24|    |    |This object was added to the Digital Preservation Network in November 2016.|dpn|Great Smoky Mountains Regional Project, The University of Tennessee Libraries, Knoxville Tennessee|1886-08-14|Image/jpeg|MS 552;  William Cox Cochran Great Smoky Mountains Photographic Collection, 1886;  Special Collections Library, The University of Tennessee|original|William Cox Cochran Photographic Collection|Chilhowee Range|Pine Mountain|    |    |    |    |Fernbank in Pine Mt. Chilhowee R. Blount Co. Tenn.|3.2|http://www.loc.gov/mods/v3|http://www.w3.org/1999/xlink|http://www.w3.org/2001/XMLSchema-instance|http://www.loc.gov/mods/v3 http://www.loc.gov/standards/mods/v3/mods-3-2.xsd|Public domain.|still image
2019-11-19T04:01:55Z|wcc_277|wcc|image|dct|wcc011|local|https://digital.lib.utk.edu/collections/islandora/object/wcc%3A277|object in context|primary display|https://digital.lib.utk.edu/collections/islandora/object/wcc%3A277/datastream/TN/view|preview|creator|text|Cochran, William Cox 1848-1936|Mary Rudd Cochran|Document ID: wcc011|    |This object was added to the Digital Preservation Network in November 2016.|dpn|    |    |Great Smoky Mountains Regional Project, The University of Tennessee Libraries, Knoxville Tennessee|1886-08-12|Image/jpeg|MS 552;  William Cox Cochran Great Smoky Mountains Photographic Collection, 1886;  Special Collections Library, The University of Tennessee|original|William Cox Cochran Photographic Collection|Chilhowee Range|Mount Nebo|    |    |    |    |The aqueduct Mt. Nebo from Spring house|3.2|http://www.loc.gov/mods/v3|http://www.w3.org/1999/xlink|http://www.w3.org/2001/XMLSchema-instance|http://www.loc.gov/mods/v3 http://www.loc.gov/standards/mods/v3/mods-3-2.xsd|Public domain.|still image
2019-11-19T04:01:55Z|wcc_315|wcc|image|dct|wcc030|local|https://digital.lib.utk.edu/collections/islandora/object/wcc%3A315|object in context|primary display|https://digital.lib.utk.edu/collections/islandora/object/wcc%3A315/datastream/TN/view|preview|creator|text|Cochran, William Cox 1848-1936|Mary Rudd Cochran|Document ID: wcc030|Annotation: M.R.C; 1959-03-24|    |    |This object was added to the Digital Preservation Network in November 2016.|dpn|Great Smoky Mountains Regional Project, The University of Tennessee Libraries, Knoxville Tennessee|1886-08-14|Image/jpeg|MS 552;  William Cox Cochran Great Smoky Mountains Photographic Collection, 1886;  Special Collections Library, The University of Tennessee|original|William Cox Cochran Photographic Collection|    |    |    |    |    |Miller Cove|Miller's Cove (looking North) from slope of Pine Mt.|3.2|http://www.loc.gov/mods/v3|http://www.w3.org/1999/xlink|http://www.w3.org/2001/XMLSchema-instance|http://www.loc.gov/mods/v3 http://www.loc.gov/standards/mods/v3/mods-3-2.xsd|Public domain.|still image
2019-11-19T04:01:55Z|wcc_285|wcc|image|dct|wcc015|local|https://digital.lib.utk.edu/collections/islandora/object/wcc%3A285|object in context|primary display|https://digital.lib.utk.edu/collections/islandora/object/wcc%3A285/datastream/TN/view|preview|creator|text|Cochran, William Cox 1848-1936|Mary Rudd Cochran|Document ID: wcc015|    |This object was added to the Digital Preservation Network in November 2016.|dpn|    |    |Great Smoky Mountains Regional Project, The University of Tennessee Libraries, Knoxville Tennessee|1886-08-13|Image/jpeg|MS 552;  William Cox Cochran Great Smoky Mountains Photographic Collection, 1886;  Special Collections Library, The University of Tennessee|original|William Cox Cochran Photographic Collection|Chilhowee Range|Mount Nebo|Cabins|    |    |    |Bly's cabin Mt. Nebo Blount Co. Tenn.|3.2|http://www.loc.gov/mods/v3|http://www.w3.org/1999/xlink|http://www.w3.org/2001/XMLSchema-instance|http://www.loc.gov/mods/v3 http://www.loc.gov/standards/mods/v3/mods-3-2.xsd|Public domain.|still image
2019-11-19T04:01:55Z|wcc_286|wcc|image|dct|wcc056|local|https://digital.lib.utk.edu/collections/islandora/object/wcc%3A286|object in context|primary display|https://digital.lib.utk.edu/collections/islandora/object/wcc%3A286/datastream/TN/view|preview|creator|text|Cochran, William Cox 1848-1936|Mary Rudd Cochran|Document ID: wcc056|Annotation: M.R.C; 1959-03-24|    |    |This object was added to the Digital Preservation Network in November 2016.|dpn|Great Smoky Mountains Regional Project, The University of Tennessee Libraries, Knoxville Tennessee|1886-08-18|Image/jpeg|MS 552;  William Cox Cochran Great Smoky Mountains Photographic Collection, 1886;  Special Collections Library, The University of Tennessee|original|William Cox Cochran Photographic Collection|Trails|Bodies of water|    |    |    |    |Bridle path to Robt. Spence's (cascades)|3.2|http://www.loc.gov/mods/v3|http://www.w3.org/1999/xlink|http://www.w3.org/2001/XMLSchema-instance|http://www.loc.gov/mods/v3 http://www.loc.gov/standards/mods/v3/mods-3-2.xsd|Public domain.|still image
2019-11-19T04:01:55Z|wcc_271|wcc|image|dct|wcc007|local|https://digital.lib.utk.edu/collections/islandora/object/wcc%3A271|object in context|primary display|https://digital.lib.utk.edu/collections/islandora/object/wcc%3A271/datastream/TN/view|preview|creator|text|Cochran, William Cox 1848-1936|Mary Rudd Cochran|Document ID: wcc007|    |This object was added to the Digital Preservation Network in November 2016.|dpn|    |    |Great Smoky Mountains Regional Project, The University of Tennessee Libraries, Knoxville Tennessee|1886-08-12|Image/jpeg|MS 552;  William Cox Cochran Great Smoky Mountains Photographic Collection, 1886;  Special Collections Library, The University of Tennessee|original|William Cox Cochran Photographic Collection|Chilhowee Range|Pine Mountain|    |    |    |    |Summit of Pine Mt. Chilhowee Range Blount Co. Tenn.|3.2|http://www.loc.gov/mods/v3|http://www.w3.org/1999/xlink|http://www.w3.org/2001/XMLSchema-instance|http://www.loc.gov/mods/v3 http://www.loc.gov/standards/mods/v3/mods-3-2.xsd|Public domain.|still image
2019-11-19T04:01:55Z|wcc_281|wcc|image|dct|wcc013|local|https://digital.lib.utk.edu/collections/islandora/object/wcc%3A281|object in context|primary display|https://digital.lib.utk.edu/collections/islandora/object/wcc%3A281/datastream/TN/view|preview|creator|text|Cochran, William Cox 1848-1936|Mary Rudd Cochran|Document ID: wcc013|    |This object was added to the Digital Preservation Network in November 2016.|dpn|    |    |Great Smoky Mountains Regional Project, The University of Tennessee Libraries, Knoxville Tennessee|1886-08-12|Image/jpeg|MS 552;  William Cox Cochran Great Smoky Mountains Photographic Collection, 1886;  Special Collections Library, The University of Tennessee|original|William Cox Cochran Photographic Collection|Chilhowee Range|Mount Nebo|Hotels|    |    |    |Mt. Nebo house Chilhowee R. Blount Co. Tenn.|3.2|http://www.loc.gov/mods/v3|http://www.w3.org/1999/xlink|http://www.w3.org/2001/XMLSchema-instance|http://www.loc.gov/mods/v3 http://www.loc.gov/standards/mods/v3/mods-3-2.xsd|Public domain.|still image
2019-11-19T04:01:55Z|wcc_351|wcc|image|dct|wcc102|local|https://digital.lib.utk.edu/collections/islandora/object/wcc%3A351|object in context|primary display|https://digital.lib.utk.edu/collections/islandora/object/wcc%3A351/datastream/TN/view|preview|creator|text|Cochran, William Cox 1848-1936|Mary Rudd Cochran|Document ID: wcc102|Annotation: M.R.C; 1959-03-24|    |    |This object was added to the Digital Preservation Network in November 2016.|dpn|Great Smoky Mountains Regional Project, The University of Tennessee Libraries, Knoxville Tennessee|1886-08-28|Image/jpeg|MS 552;  William Cox Cochran Great Smoky Mountains Photographic Collection, 1886;  Special Collections Library, The University of Tennessee|original|William Cox Cochran Photographic Collection|Little River|Tuckaleechee Cove|Sawmills|    |    |    |Group of children at Cider Mill - below Little River Gap|3.2|http://www.loc.gov/mods/v3|http://www.w3.org/1999/xlink|http://www.w3.org/2001/XMLSchema-instance|http://www.loc.gov/mods/v3 http://www.loc.gov/standards/mods/v3/mods-3-2.xsd|Public domain.|still image
2019-11-19T04:01:55Z|wcc_314|wcc|image|dct|wcc073|local|https://digital.lib.utk.edu/collections/islandora/object/wcc%3A314|object in context|primary display|https://digital.lib.utk.edu/collections/islandora/object/wcc%3A314/datastream/TN/view|preview|creator|text|Cochran, William Cox 1848-1936|Mary Rudd Cochran|Document ID: wcc073|Annotation: M.R.C; 1959-03-24|    |    |This object was added to the Digital Preservation Network in November 2016.|dpn|Great Smoky Mountains Regional Project, The University of Tennessee Libraries, Knoxville Tennessee|1886-08-20|Image/jpeg|MS 552;  William Cox Cochran Great Smoky Mountains Photographic Collection, 1886;  Special Collections Library, The University of Tennessee|original|William Cox Cochran Photographic Collection|Chilhowee Range|Mount Nebo|Cabins|    |    |    |King's cabin. Mt. Nebo|3.2|http://www.loc.gov/mods/v3|http://www.w3.org/1999/xlink|http://www.w3.org/2001/XMLSchema-instance|http://www.loc.gov/mods/v3 http://www.loc.gov/standards/mods/v3/mods-3-2.xsd|Public domain.|still image
2019-11-19T04:01:55Z|wcc_282|wcc|image|dct|wcc054|local|https://digital.lib.utk.edu/collections/islandora/object/wcc%3A282|object in context|primary display|https://digital.lib.utk.edu/collections/islandora/object/wcc%3A282/datastream/TN/view|preview|creator|text|Cochran, William Cox 1848-1936|Mary Rudd Cochran|Document ID: wcc054|Annotation: M.R.C; 1959-03-24|    |    |This object was added to the Digital Preservation Network in November 2016.|dpn|Great Smoky Mountains Regional Project, The University of Tennessee Libraries, Knoxville Tennessee|1886-08-18|Image/jpeg|MS 552;  William Cox Cochran Great Smoky Mountains Photographic Collection, 1886;  Special Collections Library, The University of Tennessee|original|William Cox Cochran Photographic Collection|Bodies of water|Laurel Creek|Roads|    |    |    |Laurel Creek road Blount Co. Tenn. (laurels)|3.2|http://www.loc.gov/mods/v3|http://www.w3.org/1999/xlink|http://www.w3.org/2001/XMLSchema-instance|http://www.loc.gov/mods/v3 http://www.loc.gov/standards/mods/v3/mods-3-2.xsd|Public domain.|still image
2019-11-19T04:01:55Z|wcc_335|wcc|image|dct|wcc086|local|https://digital.lib.utk.edu/collections/islandora/object/wcc%3A335|object in context|primary display|https://digital.lib.utk.edu/collections/islandora/object/wcc%3A335/datastream/TN/view|preview|creator|text|Cochran, William Cox 1848-1936|Mary Rudd Cochran|Document ID: wcc086|Annotation: M.R.C; 1959-03-24|    |    |This object was added to the Digital Preservation Network in November 2016.|dpn|Great Smoky Mountains Regional Project, The University of Tennessee Libraries, Knoxville Tennessee|1886-08-24|Image/jpeg|MS 552;  William Cox Cochran Great Smoky Mountains Photographic Collection, 1886;  Special Collections Library, The University of Tennessee|original|William Cox Cochran Photographic Collection|Chilhowee Range|Pine Mountain|    |    |    |    |Slope of Pine Mt. from point of rocks N. of Mt Nebo House|3.2|http://www.loc.gov/mods/v3|http://www.w3.org/1999/xlink|http://www.w3.org/2001/XMLSchema-instance|http://www.loc.gov/mods/v3 http://www.loc.gov/standards/mods/v3/mods-3-2.xsd|Public domain.|still image
2019-11-19T04:01:55Z|wcc_319|wcc|image|dct|wcc032|local|https://digital.lib.utk.edu/collections/islandora/object/wcc%3A319|object in context|primary display|https://digital.lib.utk.edu/collections/islandora/object/wcc%3A319/datastream/TN/view|preview|creator|text|Cochran, William Cox 1848-1936|Mary Rudd Cochran|Document ID: wcc032|Annotation: M.R.C; 1959-03-24|    |    |This object was added to the Digital Preservation Network in November 2016.|dpn|Great Smoky Mountains Regional Project, The University of Tennessee Libraries, Knoxville Tennessee|1886-08-14|Image/jpeg|MS 552;  William Cox Cochran Great Smoky Mountains Photographic Collection, 1886;  Special Collections Library, The University of Tennessee|original|William Cox Cochran Photographic Collection|Miller Cove|Little River|Bodies of water|Cabins|    |    |Ferry House near Little River Gap. Miller's Cove|3.2|http://www.loc.gov/mods/v3|http://www.w3.org/1999/xlink|http://www.w3.org/2001/XMLSchema-instance|http://www.loc.gov/mods/v3 http://www.loc.gov/standards/mods/v3/mods-3-2.xsd|Public domain.|still image
